Receiver,Date,Channel_Freq,Time_Offset_Min,Log_Cal_Temp
RAE-B BURST RECEIVER 1,75/5/3,0.025,0.5153,11.9137
RAE-B BURST RECEIVER 1,75/5/3,0.025,2.2278,4.1294
RAE-B BURST RECEIVER 1,75/5/3,0.025,2.2581,9.5202
RAE-B BURST RECEIVER 1,75/5/3,0.025,2.5764,9.3261
RAE-B BURST RECEIVER 1,75/5/3,0.025,2.9553,8.8518
RAE-B BURST RECEIVER 1,75/5/3,0.025,5.4408,8.3774
RAE-B BURST RECEIVER 1,75/5/3,0.025,5.6833,9.2183
RAE-B BURST RECEIVER 1,75/5/3,0.025,5.85,8.3342
RAE-B BURST RECEIVER 1,75/5/3,0.025,6.0621,8.5283
RAE-B BURST RECEIVER 1,75/5/3,0.025,6.3198,8.3127
RAE-B BURST RECEIVER 1,75/5/3,0.025,6.9411,8.9596
RAE-B BURST RECEIVER 1,75/5/3,0.025,8.5628,8.248
RAE-B BURST RECEIVER 1,75/5/3,0.025,9.5024,8.442
RAE-B BURST RECEIVER 1,75/5/3,0.025,12.3516,8.1833
RAE-B BURST RECEIVER 1,75/5/3,0.025,13.7762,8.4205
RAE-B BURST RECEIVER 1,75/5/3,0.025,13.8974,8.2911
RAE-B BURST RECEIVER 1,75/5/3,0.025,14.2915,8.442
RAE-B BURST RECEIVER 1,75/5/3,0.025,15.1857,8.4205
RAE-B BURST RECEIVER 1,75/5/3,0.025,15.3069,8.8302
RAE-B BURST RECEIVER 1,75/5/3,0.025,15.4433,8.6792
RAE-B BURST RECEIVER 1,75/5/3,0.025,17.9136,8.4205
RAE-B BURST RECEIVER 1,75/5/3,0.025,17.9288,5.4879
RAE-B BURST RECEIVER 1,75/5/3,0.025,18.5501,8.4205
RAE-B BURST RECEIVER 1,75/5/3,0.025,19.1867,8.097
RAE-B BURST RECEIVER 1,75/5/3,0.025,19.899,8.2049
RAE-B BURST RECEIVER 1,75/5/3,0.025,20.1111,8.4205
RAE-B BURST RECEIVER 1,75/5/3,0.025,20.2172,8.6577
RAE-B BURST RECEIVER 1,75/5/3,0.025,20.3536,8.3989
RAE-B BURST RECEIVER 1,75/5/3,0.025,20.9901,8.2695
RAE-B BURST RECEIVER 1,75/5/3,0.025,21.8995,8.6146
RAE-B BURST RECEIVER 1,75/5/3,0.025,22.4299,8.6577
RAE-B BURST RECEIVER 1,75/5/3,0.025,22.5511,8.9164
RAE-B BURST RECEIVER 1,75/5/3,0.025,22.6724,8.6361
RAE-B BURST RECEIVER 1,75/5/3,0.025,23.0058,8.3342
RAE-B BURST RECEIVER 1,75/5/3,0.025,23.8545,8.6577
RAE-B BURST RECEIVER 1,75/5/3,0.025,24.097,8.3558
RAE-B BURST RECEIVER 1,75/5/3,0.025,24.9912,8.2049
RAE-B BURST RECEIVER 1,75/5/3,0.025,25.1427,8.6361
RAE-B BURST RECEIVER 1,75/5/3,0.025,25.264,8.248
RAE-B BURST RECEIVER 1,75/5/3,0.025,25.6428,8.248
RAE-B BURST RECEIVER 1,75/5/3,0.025,26.0369,8.8733
RAE-B BURST RECEIVER 1,75/5/3,0.025,26.1733,8.3558
RAE-B BURST RECEIVER 1,75/5/3,0.025,26.6734,8.6361
RAE-B BURST RECEIVER 1,75/5/3,0.025,26.825,9.0458
RAE-B BURST RECEIVER 1,75/5/3,0.025,26.9462,8.6146
RAE-B BURST RECEIVER 1,75/5/3,0.025,27.0674,9.0458
RAE-B BURST RECEIVER 1,75/5/3,0.025,27.2038,8.6146
RAE-B BURST RECEIVER 1,75/5/3,0.025,27.3402,9.973
RAE-B BURST RECEIVER 1,75/5/3,0.025,27.4615,10.7925
RAE-B BURST RECEIVER 1,75/5/3,0.025,27.5979,10.3827
RAE-B BURST RECEIVER 1,75/5/3,0.025,28.295,8.7655
RAE-B BURST RECEIVER 1,75/5/3,0.025,28.5072,9.0674
RAE-B BURST RECEIVER 1,75/5/3,0.025,28.6891,9.5633
RAE-B BURST RECEIVER 1,75/5/3,0.025,28.8861,9.1105
RAE-B BURST RECEIVER 1,75/5/3,0.025,29.0073,8.3342
RAE-B BURST RECEIVER 1,75/5/3,0.025,29.1286,9.1321
RAE-B BURST RECEIVER 1,75/5/3,0.025,29.4317,8.5714
RAE-B BURST RECEIVER 1,75/5/3,0.025,29.6742,9.8868
RAE-B BURST RECEIVER 1,75/5/3,0.025,29.9924,9.5633
RAE-B BURST RECEIVER 1,75/5/3,0.025,30.1894,9.9084
RAE-B BURST RECEIVER 1,75/5/3,0.025,30.3107,9.4771
RAE-B BURST RECEIVER 1,75/5/3,0.025,30.4471,10.7709
RAE-B BURST RECEIVER 1,75/5/3,0.025,30.5835,11.2668
RAE-B BURST RECEIVER 1,75/5/3,0.025,30.7047,11.6119
RAE-B BURST RECEIVER 1,75/5/3,0.025,30.826,10.3827
RAE-B BURST RECEIVER 1,75/5/3,0.025,30.9624,9.2183
RAE-B BURST RECEIVER 1,75/5/3,0.025,31.0836,8.8302
RAE-B BURST RECEIVER 1,75/5/3,0.025,31.22,9.1968
RAE-B BURST RECEIVER 1,75/5/3,0.025,31.9929,9.5633
RAE-B BURST RECEIVER 1,75/5/3,0.025,32.1445,10.7278
RAE-B BURST RECEIVER 1,75/5/3,0.025,32.2506,10.4259
RAE-B BURST RECEIVER 1,75/5/3,0.025,32.387,9.4555
RAE-B BURST RECEIVER 1,75/5/3,0.025,33.2963,10.1024
RAE-B BURST RECEIVER 1,75/5/3,0.025,33.4327,10.3396
RAE-B BURST RECEIVER 1,75/5/3,0.025,33.5539,9.6065
RAE-B BURST RECEIVER 1,75/5/3,0.025,33.6752,9.9299
RAE-B BURST RECEIVER 1,75/5/3,0.025,34.0389,10.7925
RAE-B BURST RECEIVER 1,75/5/3,0.025,34.2056,9.4555
RAE-B BURST RECEIVER 1,75/5/3,0.025,34.3269,10.124
RAE-B BURST RECEIVER 1,75/5/3,0.025,34.5239,10.3827
RAE-B BURST RECEIVER 1,75/5/3,0.025,34.7057,9.1536
RAE-B BURST RECEIVER 1,75/5/3,0.025,34.8573,10.7278
RAE-B BURST RECEIVER 1,75/5/3,0.025,34.9785,9.4771
RAE-B BURST RECEIVER 1,75/5/3,0.025,35.0998,9.1968
RAE-B BURST RECEIVER 1,75/5/3,0.025,35.3726,9.5202
RAE-B BURST RECEIVER 1,75/5/3,0.025,36.782,8.593
RAE-B BURST RECEIVER 1,75/5/3,0.025,37.2821,9.1321
RAE-B BURST RECEIVER 1,75/5/3,0.025,37.4337,8.8733
RAE-B BURST RECEIVER 1,75/5/3,0.025,37.5549,9.1968
RAE-B BURST RECEIVER 1,75/5/3,0.025,38.1308,5.3801
RAE-B BURST RECEIVER 1,75/5/3,0.025,39.3736,9.4555
RAE-B BURST RECEIVER 1,75/5/3,0.025,39.5706,7.1267
RAE-B BURST RECEIVER 1,75/5/3,0.025,40.0253,6.4151
RAE-B BURST RECEIVER 1,75/5/3,0.025,40.0253,8.7871
RAE-B BURST RECEIVER 1,75/5/3,0.025,40.2071,8.9596
RAE-B BURST RECEIVER 1,75/5/3,0.025,40.783,9.5849
RAE-B BURST RECEIVER 1,75/5/3,0.025,40.9194,10.6199
RAE-B BURST RECEIVER 1,75/5/3,0.025,42.6017,9.7574
RAE-B BURST RECEIVER 1,75/5/3,0.025,43.8596,9.3908
RAE-B BURST RECEIVER 1,75/5/3,0.025,44.0414,9.4987
RAE-B BURST RECEIVER 1,75/5/3,0.025,44.5264,8.7008
RAE-B BURST RECEIVER 1,75/5/3,0.025,45.072,9.434
RAE-B BURST RECEIVER 1,75/5/3,0.025,45.1781,9.0889
RAE-B BURST RECEIVER 1,75/5/3,0.025,45.3145,9.434
RAE-B BURST RECEIVER 1,75/5/3,0.025,45.4509,9.7574
RAE-B BURST RECEIVER 1,75/5/3,0.025,45.557,9.1536
RAE-B BURST RECEIVER 1,75/5/3,0.025,45.754,10.3827
RAE-B BURST RECEIVER 1,75/5/3,0.025,46.0874,9.5633
RAE-B BURST RECEIVER 1,75/5/3,0.025,46.2238,10.2749
RAE-B BURST RECEIVER 1,75/5/3,0.025,46.3602,10.0377
RAE-B BURST RECEIVER 1,75/5/3,0.025,46.6785,10.5553
RAE-B BURST RECEIVER 1,75/5/3,0.025,46.8603,10.8787
RAE-B BURST RECEIVER 1,75/5/3,0.025,46.9967,10.3396
RAE-B BURST RECEIVER 1,75/5/3,0.025,47.1331,9.8005
RAE-B BURST RECEIVER 1,75/5/3,0.025,47.2392,8.9164
RAE-B BURST RECEIVER 1,75/5/3,0.025,47.3756,8.6792
RAE-B BURST RECEIVER 1,75/5/3,0.025,47.512,8.8518
RAE-B BURST RECEIVER 1,75/5/3,0.025,47.6332,10.3181
RAE-B BURST RECEIVER 1,75/5/3,0.025,47.7999,8.593
RAE-B BURST RECEIVER 1,75/5/3,0.025,48.1485,8.8518
RAE-B BURST RECEIVER 1,75/5/3,0.025,48.785,8.6792
RAE-B BURST RECEIVER 1,75/5/3,0.025,48.9214,9.1536
RAE-B BURST RECEIVER 1,75/5/3,0.025,49.0578,8.8518
RAE-B BURST RECEIVER 1,75/5/3,0.025,49.1791,9.3693
RAE-B BURST RECEIVER 1,75/5/3,0.025,49.3003,9.0458
RAE-B BURST RECEIVER 1,75/5/3,0.025,49.4367,9.8005
RAE-B BURST RECEIVER 1,75/5/3,0.025,49.5731,9.4124
RAE-B BURST RECEIVER 1,75/5/3,0.025,49.6944,9.1321
RAE-B BURST RECEIVER 1,75/5/3,0.025,49.8308,8.7008
RAE-B BURST RECEIVER 1,75/5/3,0.025,50.8462,9.1321
RAE-B BURST RECEIVER 1,75/5/3,0.025,50.9674,8.938
RAE-B BURST RECEIVER 1,75/5/3,0.025,51.1038,8.7655
RAE-B BURST RECEIVER 1,75/5/3,0.025,51.2251,9.1105
RAE-B BURST RECEIVER 1,75/5/3,0.025,51.8767,9.4771
RAE-B BURST RECEIVER 1,75/5/3,0.025,52.1344,8.8086
RAE-B BURST RECEIVER 1,75/5/3,0.025,52.2708,9.3908
RAE-B BURST RECEIVER 1,75/5/3,0.025,52.4072,9.8652
RAE-B BURST RECEIVER 1,75/5/3,0.025,52.5284,10.2965
RAE-B BURST RECEIVER 1,75/5/3,0.025,52.6497,9.4771
RAE-B BURST RECEIVER 1,75/5/3,0.025,52.8467,9.8005
RAE-B BURST RECEIVER 1,75/5/3,0.025,53.0285,9.4987
RAE-B BURST RECEIVER 1,75/5/3,0.025,53.8015,8.9811
RAE-B BURST RECEIVER 1,75/5/3,0.025,54.1955,9.1105
RAE-B BURST RECEIVER 1,75/5/3,0.025,54.3319,8.8949
RAE-B BURST RECEIVER 1,75/5/3,0.025,54.438,8.593
RAE-B BURST RECEIVER 1,75/5/3,0.025,54.5744,8.7871
RAE-B BURST RECEIVER 1,75/5/3,0.025,55.0897,8.5067
RAE-B BURST RECEIVER 1,75/5/3,0.025,56.7113,9.6927
RAE-B BURST RECEIVER 1,75/5/3,0.025,56.878,8.938
RAE-B BURST RECEIVER 1,75/5/3,0.025,57.0296,9.7143
RAE-B BURST RECEIVER 1,75/5/3,0.025,57.4236,9.7358
RAE-B BURST RECEIVER 1,75/5/3,0.025,58.2723,5.3154
RAE-B BURST RECEIVER 1,75/5/3,0.025,58.4238,8.2695
RAE-B BURST RECEIVER 1,75/5/3,0.025,59.0755,9.3693
RAE-B BURST RECEIVER 1,75/5/3,0.025,59.2119,10.3181
RAE-B BURST RECEIVER 1,75/5/3,0.025,59.3332,10.5121
RAE-B BURST RECEIVER 1,75/5/3,0.025,59.4696,10.6846
RAE-B BURST RECEIVER 1,75/5/3,0.025,59.7272,10.3181
RAE-B BURST RECEIVER 1,75/5/3,0.025,59.8484,9.8652
RAE-B BURST RECEIVER 1,75/5/3,0.025,59.9545,10.6199
RAE-B BURST RECEIVER 1,75/5/3,0.035,1.8944,10.0809
RAE-B BURST RECEIVER 1,75/5/3,0.035,2.0914,10.2965
RAE-B BURST RECEIVER 1,75/5/3,0.035,2.3491,10.2102
RAE-B BURST RECEIVER 1,75/5/3,0.035,2.5309,10.5337
RAE-B BURST RECEIVER 1,75/5/3,0.035,2.7431,10.2102
RAE-B BURST RECEIVER 1,75/5/3,0.035,2.925,9.0674
RAE-B BURST RECEIVER 1,75/5/3,0.035,3.7585,8.5067
RAE-B BURST RECEIVER 1,75/5/3,0.035,4.1374,8.5283
RAE-B BURST RECEIVER 1,75/5/3,0.035,4.6678,9.628
RAE-B BURST RECEIVER 1,75/5/3,0.035,4.9861,9.0458
RAE-B BURST RECEIVER 1,75/5/3,0.035,6.0924,8.7008
RAE-B BURST RECEIVER 1,75/5/3,0.035,6.1985,8.4636
RAE-B BURST RECEIVER 1,75/5/3,0.035,6.9715,9.3693
RAE-B BURST RECEIVER 1,75/5/3,0.035,7.1079,8.5067
RAE-B BURST RECEIVER 1,75/5/3,0.035,7.517,11.9353
RAE-B BURST RECEIVER 1,75/5/3,0.035,9.0326,8.7008
RAE-B BURST RECEIVER 1,75/5/3,0.035,9.2296,8.8302
RAE-B BURST RECEIVER 1,75/5/3,0.035,10.442,8.4205
RAE-B BURST RECEIVER 1,75/5/3,0.035,11.0937,8.4205
RAE-B BURST RECEIVER 1,75/5/3,0.035,11.321,8.3989
RAE-B BURST RECEIVER 1,75/5/3,0.035,11.4877,8.6577
RAE-B BURST RECEIVER 1,75/5/3,0.035,12.3971,8.248
RAE-B BURST RECEIVER 1,75/5/3,0.035,14.0642,8.6792
RAE-B BURST RECEIVER 1,75/5/3,0.035,14.1854,8.938
RAE-B BURST RECEIVER 1,75/5/3,0.035,14.3218,8.7439
RAE-B BURST RECEIVER 1,75/5/3,0.035,16.1556,9.1752
RAE-B BURST RECEIVER 1,75/5/3,0.035,16.3678,9.3046
RAE-B BURST RECEIVER 1,75/5/3,0.035,17.4893,8.2264
RAE-B BURST RECEIVER 1,75/5/3,0.035,18.4441,8.3558
RAE-B BURST RECEIVER 1,75/5/3,0.035,20.2172,7.2345
RAE-B BURST RECEIVER 1,75/5/3,0.035,20.3839,8.8518
RAE-B BURST RECEIVER 1,75/5/3,0.035,20.7628,8.3774
RAE-B BURST RECEIVER 1,75/5/3,0.035,21.1569,8.6361
RAE-B BURST RECEIVER 1,75/5/3,0.035,21.5661,8.3558
RAE-B BURST RECEIVER 1,75/5/3,0.035,22.0662,8.3558
RAE-B BURST RECEIVER 1,75/5/3,0.035,22.4602,8.9811
RAE-B BURST RECEIVER 1,75/5/3,0.035,22.5966,8.3774
RAE-B BURST RECEIVER 1,75/5/3,0.035,24.2789,8.593
RAE-B BURST RECEIVER 1,75/5/3,0.035,24.4001,8.3558
RAE-B BURST RECEIVER 1,75/5/3,0.035,25.0366,8.7871
RAE-B BURST RECEIVER 1,75/5/3,0.035,25.2336,8.938
RAE-B BURST RECEIVER 1,75/5/3,0.035,25.4307,9.5633
RAE-B BURST RECEIVER 1,75/5/3,0.035,25.6125,8.8302
RAE-B BURST RECEIVER 1,75/5/3,0.035,25.9611,9.779
RAE-B BURST RECEIVER 1,75/5/3,0.035,26.0823,9.2615
RAE-B BURST RECEIVER 1,75/5/3,0.035,26.34,9.5202
RAE-B BURST RECEIVER 1,75/5/3,0.035,26.6128,8.9596
RAE-B BURST RECEIVER 1,75/5/3,0.035,27.1129,8.6792
RAE-B BURST RECEIVER 1,75/5/3,0.035,27.2493,9.6927
RAE-B BURST RECEIVER 1,75/5/3,0.035,27.3857,10.6631
RAE-B BURST RECEIVER 1,75/5/3,0.035,27.5069,10.0809
RAE-B BURST RECEIVER 1,75/5/3,0.035,27.6433,11.0081
RAE-B BURST RECEIVER 1,75/5/3,0.035,27.9161,10.6846
RAE-B BURST RECEIVER 1,75/5/3,0.035,28.0222,10.3827
RAE-B BURST RECEIVER 1,75/5/3,0.035,28.1586,11.31
RAE-B BURST RECEIVER 1,75/5/3,0.035,28.2799,10.5337
RAE-B BURST RECEIVER 1,75/5/3,0.035,28.4011,9.1105
RAE-B BURST RECEIVER 1,75/5/3,0.035,28.5527,10.1456
RAE-B BURST RECEIVER 1,75/5/3,0.035,28.6588,9.8221
RAE-B BURST RECEIVER 1,75/5/3,0.035,28.7952,9.0889
RAE-B BURST RECEIVER 1,75/5/3,0.035,28.9315,10.469
RAE-B BURST RECEIVER 1,75/5/3,0.035,29.0679,10.1024
RAE-B BURST RECEIVER 1,75/5/3,0.035,29.174,9.4771
RAE-B BURST RECEIVER 1,75/5/3,0.035,29.5681,9.1968
RAE-B BURST RECEIVER 1,75/5/3,0.035,29.7045,9.5202
RAE-B BURST RECEIVER 1,75/5/3,0.035,30.3562,9.6712
RAE-B BURST RECEIVER 1,75/5/3,0.035,30.4774,9.0027
RAE-B BURST RECEIVER 1,75/5/3,0.035,30.7199,9.1321
RAE-B BURST RECEIVER 1,75/5/3,0.035,31.0078,8.9811
RAE-B BURST RECEIVER 1,75/5/3,0.035,31.508,8.938
RAE-B BURST RECEIVER 1,75/5/3,0.035,31.6898,9.1321
RAE-B BURST RECEIVER 1,75/5/3,0.035,31.9475,9.0243
RAE-B BURST RECEIVER 1,75/5/3,0.035,32.1748,9.4771
RAE-B BURST RECEIVER 1,75/5/3,0.035,32.5537,9.8221
RAE-B BURST RECEIVER 1,75/5/3,0.035,32.6901,9.4987
RAE-B BURST RECEIVER 1,75/5/3,0.035,32.8113,10.1024
RAE-B BURST RECEIVER 1,75/5/3,0.035,32.9477,10.9865
RAE-B BURST RECEIVER 1,75/5/3,0.035,33.4024,4.6253
RAE-B BURST RECEIVER 1,75/5/3,0.035,33.5236,9.9946
RAE-B BURST RECEIVER 1,75/5/3,0.035,33.5842,4.3235
RAE-B BURST RECEIVER 1,75/5/3,0.035,33.7055,9.7143
RAE-B BURST RECEIVER 1,75/5/3,0.035,33.9934,11.0081
RAE-B BURST RECEIVER 1,75/5/3,0.035,34.1147,9.6712
RAE-B BURST RECEIVER 1,75/5/3,0.035,34.4936,9.1752
RAE-B BURST RECEIVER 1,75/5/3,0.035,34.63,10.3612
RAE-B BURST RECEIVER 1,75/5/3,0.035,34.7512,10.124
RAE-B BURST RECEIVER 1,75/5/3,0.035,34.8724,9.4987
RAE-B BURST RECEIVER 1,75/5/3,0.035,35.0088,9.6496
RAE-B BURST RECEIVER 1,75/5/3,0.035,35.1301,9.9299
RAE-B BURST RECEIVER 1,75/5/3,0.035,35.4029,10.4043
RAE-B BURST RECEIVER 1,75/5/3,0.035,37.2064,8.7439
RAE-B BURST RECEIVER 1,75/5/3,0.035,37.7216,9.1752
RAE-B BURST RECEIVER 1,75/5/3,0.035,38.0096,9.6712
RAE-B BURST RECEIVER 1,75/5/3,0.035,38.2521,10.6415
RAE-B BURST RECEIVER 1,75/5/3,0.035,38.3733,9.4555
RAE-B BURST RECEIVER 1,75/5/3,0.035,38.631,9.434
RAE-B BURST RECEIVER 1,75/5/3,0.035,38.7522,9.973
RAE-B BURST RECEIVER 1,75/5/3,0.035,38.8886,9.5202
RAE-B BURST RECEIVER 1,75/5/3,0.035,39.5554,10.3612
RAE-B BURST RECEIVER 1,75/5/3,0.035,39.7222,9.6065
RAE-B BURST RECEIVER 1,75/5/3,0.035,40.2526,9.7574
RAE-B BURST RECEIVER 1,75/5/3,0.035,40.4951,9.4771
RAE-B BURST RECEIVER 1,75/5/3,0.035,41.1013,10.6415
RAE-B BURST RECEIVER 1,75/5/3,0.035,41.4802,9.434
RAE-B BURST RECEIVER 1,75/5/3,0.035,41.6014,10.7925
RAE-B BURST RECEIVER 1,75/5/3,0.035,41.7227,9.4771
RAE-B BURST RECEIVER 1,75/5/3,0.035,41.8591,10.5768
RAE-B BURST RECEIVER 1,75/5/3,0.035,42.1773,9.4771
RAE-B BURST RECEIVER 1,75/5/3,0.035,42.3895,9.6496
RAE-B BURST RECEIVER 1,75/5/3,0.035,42.5107,10.3396
RAE-B BURST RECEIVER 1,75/5/3,0.035,42.632,9.7143
RAE-B BURST RECEIVER 1,75/5/3,0.035,42.7684,10.0593
RAE-B BURST RECEIVER 1,75/5/3,0.035,42.8745,9.1536
RAE-B BURST RECEIVER 1,75/5/3,0.035,43.026,9.6496
RAE-B BURST RECEIVER 1,75/5/3,0.035,43.223,9.973
RAE-B BURST RECEIVER 1,75/5/3,0.035,43.4049,10.3612
RAE-B BURST RECEIVER 1,75/5/3,0.035,43.6625,9.1752
RAE-B BURST RECEIVER 1,75/5/3,0.035,43.7989,10.3181
RAE-B BURST RECEIVER 1,75/5/3,0.035,44.0717,9.9515
RAE-B BURST RECEIVER 1,75/5/3,0.035,44.1778,9.4771
RAE-B BURST RECEIVER 1,75/5/3,0.035,44.4203,9.1321
RAE-B BURST RECEIVER 1,75/5/3,0.035,44.5567,9.7574
RAE-B BURST RECEIVER 1,75/5/3,0.035,44.6931,9.4555
RAE-B BURST RECEIVER 1,75/5/3,0.035,44.8143,10.4043
RAE-B BURST RECEIVER 1,75/5/3,0.035,45.0114,9.628
RAE-B BURST RECEIVER 1,75/5/3,0.035,45.2084,9.9084
RAE-B BURST RECEIVER 1,75/5/3,0.035,45.3448,10.0593
RAE-B BURST RECEIVER 1,75/5/3,0.035,45.4812,10.6631
RAE-B BURST RECEIVER 1,75/5/3,0.035,46.1329,10.9434
RAE-B BURST RECEIVER 1,75/5/3,0.035,46.3147,10.6415
RAE-B BURST RECEIVER 1,75/5/3,0.035,46.5117,11.1806
RAE-B BURST RECEIVER 1,75/5/3,0.035,46.7845,11.2453
RAE-B BURST RECEIVER 1,75/5/3,0.035,47.027,10.3827
RAE-B BURST RECEIVER 1,75/5/3,0.035,47.1634,9.4555
RAE-B BURST RECEIVER 1,75/5/3,0.035,47.2847,10.3181
RAE-B BURST RECEIVER 1,75/5/3,0.035,47.4059,9.4771
RAE-B BURST RECEIVER 1,75/5/3,0.035,47.5272,9.1105
RAE-B BURST RECEIVER 1,75/5/3,0.035,47.6636,9.4771
RAE-B BURST RECEIVER 1,75/5/3,0.035,47.7848,9.9515
RAE-B BURST RECEIVER 1,75/5/3,0.035,47.906,9.0027
RAE-B BURST RECEIVER 1,75/5/3,0.035,48.1788,9.1752
RAE-B BURST RECEIVER 1,75/5/3,0.035,48.3304,9.434
RAE-B BURST RECEIVER 1,75/5/3,0.035,48.5577,9.1536
RAE-B BURST RECEIVER 1,75/5/3,0.035,48.6941,9.5418
RAE-B BURST RECEIVER 1,75/5/3,0.035,48.8154,9.973
RAE-B BURST RECEIVER 1,75/5/3,0.035,48.9518,9.1321
RAE-B BURST RECEIVER 1,75/5/3,0.035,49.0882,9.3908
RAE-B BURST RECEIVER 1,75/5/3,0.035,49.2246,10.3181
RAE-B BURST RECEIVER 1,75/5/3,0.035,49.3458,9.4555
RAE-B BURST RECEIVER 1,75/5/3,0.035,49.5277,10.3396
RAE-B BURST RECEIVER 1,75/5/3,0.035,50.2096,9.0027
RAE-B BURST RECEIVER 1,75/5/3,0.035,50.8765,9.973
RAE-B BURST RECEIVER 1,75/5/3,0.035,51.0129,9.4555
RAE-B BURST RECEIVER 1,75/5/3,0.035,51.5888,8.7655
RAE-B BURST RECEIVER 1,75/5/3,0.035,51.801,9.9515
RAE-B BURST RECEIVER 1,75/5/3,0.035,51.907,8.8733
RAE-B BURST RECEIVER 1,75/5/3,0.035,52.1798,9.9299
RAE-B BURST RECEIVER 1,75/5/3,0.035,52.4375,10.0809
RAE-B BURST RECEIVER 1,75/5/3,0.035,52.5587,10.3181
RAE-B BURST RECEIVER 1,75/5/3,0.035,52.7103,10.469
RAE-B BURST RECEIVER 1,75/5/3,0.035,52.9073,10.3827
RAE-B BURST RECEIVER 1,75/5/3,0.035,53.0892,10.2965
RAE-B BURST RECEIVER 1,75/5/3,0.035,53.2104,9.7574
RAE-B BURST RECEIVER 1,75/5/3,0.035,53.3316,10.3181
RAE-B BURST RECEIVER 1,75/5/3,0.035,53.468,8.8518
RAE-B BURST RECEIVER 1,75/5/3,0.035,53.6044,9.1321
RAE-B BURST RECEIVER 1,75/5/3,0.035,53.7257,10.3181
RAE-B BURST RECEIVER 1,75/5/3,0.035,53.8469,9.628
RAE-B BURST RECEIVER 1,75/5/3,0.035,53.9379,10.2534
RAE-B BURST RECEIVER 1,75/5/3,0.035,54.1349,9.9084
RAE-B BURST RECEIVER 1,75/5/3,0.035,54.241,10.3181
RAE-B BURST RECEIVER 1,75/5/3,0.035,54.3622,8.8518
RAE-B BURST RECEIVER 1,75/5/3,0.035,54.4835,9.4124
RAE-B BURST RECEIVER 1,75/5/3,0.035,54.6199,8.593
RAE-B BURST RECEIVER 1,75/5/3,0.035,54.7563,9.8868
RAE-B BURST RECEIVER 1,75/5/3,0.035,56.681,9.628
RAE-B BURST RECEIVER 1,75/5/3,0.035,56.8174,9.9299
RAE-B BURST RECEIVER 1,75/5/3,0.035,56.9235,8.8302
RAE-B BURST RECEIVER 1,75/5/3,0.035,57.1963,8.6146
RAE-B BURST RECEIVER 1,75/5/3,0.035,57.3175,8.8302
RAE-B BURST RECEIVER 1,75/5/3,0.035,57.7722,8.9596
RAE-B BURST RECEIVER 1,75/5/3,0.035,57.954,9.4555
RAE-B BURST RECEIVER 1,75/5/3,0.035,58.1965,9.434
RAE-B BURST RECEIVER 1,75/5/3,0.035,58.8482,9.3908
RAE-B BURST RECEIVER 1,75/5/3,0.035,58.9846,8.7871
RAE-B BURST RECEIVER 1,75/5/3,0.035,59.121,9.6065
RAE-B BURST RECEIVER 1,75/5/3,0.035,59.318,9.1752
RAE-B BURST RECEIVER 1,75/5/3,0.035,59.4999,9.3908
RAE-B BURST RECEIVER 1,75/5/3,0.035,59.6363,9.628
RAE-B BURST RECEIVER 1,75/5/3,0.035,59.7424,9.3693
RAE-B BURST RECEIVER 1,75/5/3,0.035,59.8788,9.0889
RAE-B BURST RECEIVER 1,75/5/3,0.044,1.8641,10.2534
RAE-B BURST RECEIVER 1,75/5/3,0.044,2.0005,10.7062
RAE-B BURST RECEIVER 1,75/5/3,0.044,2.2581,10.6631
RAE-B BURST RECEIVER 1,75/5/3,0.044,2.3945,10.2318
RAE-B BURST RECEIVER 1,75/5/3,0.044,2.5006,9.7574
RAE-B BURST RECEIVER 1,75/5/3,0.044,2.637,10.0593
RAE-B BURST RECEIVER 1,75/5/3,0.044,3.2281,8.9164
RAE-B BURST RECEIVER 1,75/5/3,0.044,3.4554,8.3989
RAE-B BURST RECEIVER 1,75/5/3,0.044,4.3041,8.9596
RAE-B BURST RECEIVER 1,75/5/3,0.044,4.5618,9.0243
RAE-B BURST RECEIVER 1,75/5/3,0.044,4.6982,8.7655
RAE-B BURST RECEIVER 1,75/5/3,0.044,4.8346,9.0889
RAE-B BURST RECEIVER 1,75/5/3,0.044,5.0316,9.2615
RAE-B BURST RECEIVER 1,75/5/3,0.044,5.4559,8.7655
RAE-B BURST RECEIVER 1,75/5/3,0.044,5.85,8.7224
RAE-B BURST RECEIVER 1,75/5/3,0.044,5.9864,8.4852
RAE-B BURST RECEIVER 1,75/5/3,0.044,8.0475,8.9596
RAE-B BURST RECEIVER 1,75/5/3,0.044,8.1536,8.7224
RAE-B BURST RECEIVER 1,75/5/3,0.044,8.29,8.8949
RAE-B BURST RECEIVER 1,75/5/3,0.044,8.4264,8.7008
RAE-B BURST RECEIVER 1,75/5/3,0.044,9.0174,8.7439
RAE-B BURST RECEIVER 1,75/5/3,0.044,9.3357,8.9596
RAE-B BURST RECEIVER 1,75/5/3,0.044,9.5782,8.9596
RAE-B BURST RECEIVER 1,75/5/3,0.044,9.8358,8.442
RAE-B BURST RECEIVER 1,75/5/3,0.044,10.5481,8.7655
RAE-B BURST RECEIVER 1,75/5/3,0.044,10.8815,8.7224
RAE-B BURST RECEIVER 1,75/5/3,0.044,11.5181,8.7224
RAE-B BURST RECEIVER 1,75/5/3,0.044,11.7909,8.7008
RAE-B BURST RECEIVER 1,75/5/3,0.044,12.0333,8.6792
RAE-B BURST RECEIVER 1,75/5/3,0.044,12.9578,8.4205
RAE-B BURST RECEIVER 1,75/5/3,0.044,13.4428,8.3774
RAE-B BURST RECEIVER 1,75/5/3,0.044,14.0338,8.8733
RAE-B BURST RECEIVER 1,75/5/3,0.044,14.2157,8.6792
RAE-B BURST RECEIVER 1,75/5/3,0.044,14.3521,9.0458
RAE-B BURST RECEIVER 1,75/5/3,0.044,14.4885,9.5849
RAE-B BURST RECEIVER 1,75/5/3,0.044,16.9437,8.3774
RAE-B BURST RECEIVER 1,75/5/3,0.044,17.4135,8.3558
RAE-B BURST RECEIVER 1,75/5/3,0.044,17.9591,8.8733
RAE-B BURST RECEIVER 1,75/5/3,0.044,18.2016,8.7008
RAE-B BURST RECEIVER 1,75/5/3,0.044,18.6108,9.283
RAE-B BURST RECEIVER 1,75/5/3,0.044,18.9896,8.3558
RAE-B BURST RECEIVER 1,75/5/3,0.044,19.899,8.3989
RAE-B BURST RECEIVER 1,75/5/3,0.044,20.0354,8.9164
RAE-B BURST RECEIVER 1,75/5/3,0.044,20.4142,8.4205
RAE-B BURST RECEIVER 1,75/5/3,0.044,20.5506,8.8518
RAE-B BURST RECEIVER 1,75/5/3,0.044,20.6719,8.6577
RAE-B BURST RECEIVER 1,75/5/3,0.044,21.1872,8.7008
RAE-B BURST RECEIVER 1,75/5/3,0.044,21.9601,9.1968
RAE-B BURST RECEIVER 1,75/5/3,0.044,22.0965,8.7224
RAE-B BURST RECEIVER 1,75/5/3,0.044,22.3541,8.6792
RAE-B BURST RECEIVER 1,75/5/3,0.044,24.1728,9.8005
RAE-B BURST RECEIVER 1,75/5/3,0.044,24.3698,9.1968
RAE-B BURST RECEIVER 1,75/5/3,0.044,24.6274,8.9596
RAE-B BURST RECEIVER 1,75/5/3,0.044,25.0669,8.8733
RAE-B BURST RECEIVER 1,75/5/3,0.044,25.2033,9.2399
RAE-B BURST RECEIVER 1,75/5/3,0.044,25.3397,10.0377
RAE-B BURST RECEIVER 1,75/5/3,0.044,25.461,9.779
RAE-B BURST RECEIVER 1,75/5/3,0.044,25.5974,9.9946
RAE-B BURST RECEIVER 1,75/5/3,0.044,25.7186,9.2399
RAE-B BURST RECEIVER 1,75/5/3,0.044,26.1127,10.0377
RAE-B BURST RECEIVER 1,75/5/3,0.044,26.2491,9.779
RAE-B BURST RECEIVER 1,75/5/3,0.044,26.3703,10.6199
RAE-B BURST RECEIVER 1,75/5/3,0.044,26.5067,9.5202
RAE-B BURST RECEIVER 1,75/5/3,0.044,26.6431,9.9946
RAE-B BURST RECEIVER 1,75/5/3,0.044,26.7492,9.2615
RAE-B BURST RECEIVER 1,75/5/3,0.044,26.8856,10.0593
RAE-B BURST RECEIVER 1,75/5/3,0.044,27.022,9.1536
RAE-B BURST RECEIVER 1,75/5/3,0.044,27.2038,9.8005
RAE-B BURST RECEIVER 1,75/5/3,0.044,27.416,10.5121
RAE-B BURST RECEIVER 1,75/5/3,0.044,27.5221,9.9946
RAE-B BURST RECEIVER 1,75/5/3,0.044,27.6888,11.0081
RAE-B BURST RECEIVER 1,75/5/3,0.044,27.9313,9.2399
RAE-B BURST RECEIVER 1,75/5/3,0.044,28.0525,10.4906
RAE-B BURST RECEIVER 1,75/5/3,0.044,28.1889,11.4178
RAE-B BURST RECEIVER 1,75/5/3,0.044,28.583,10.9434
RAE-B BURST RECEIVER 1,75/5/3,0.044,28.6891,10.5553
RAE-B BURST RECEIVER 1,75/5/3,0.044,28.8255,10.9434
RAE-B BURST RECEIVER 1,75/5/3,0.044,28.9467,9.0243
RAE-B BURST RECEIVER 1,75/5/3,0.044,29.0983,10.469
RAE-B BURST RECEIVER 1,75/5/3,0.044,29.3559,10.1024
RAE-B BURST RECEIVER 1,75/5/3,0.044,29.4771,8.9164
RAE-B BURST RECEIVER 1,75/5/3,0.044,29.5984,9.1968
RAE-B BURST RECEIVER 1,75/5/3,0.044,29.7348,8.938
RAE-B BURST RECEIVER 1,75/5/3,0.044,30.053,8.8733
RAE-B BURST RECEIVER 1,75/5/3,0.044,30.2501,9.0458
RAE-B BURST RECEIVER 1,75/5/3,0.044,30.2652,9.7574
RAE-B BURST RECEIVER 1,75/5/3,0.044,30.3713,8.8518
RAE-B BURST RECEIVER 1,75/5/3,0.044,30.5077,9.1321
RAE-B BURST RECEIVER 1,75/5/3,0.044,30.6441,8.8518
RAE-B BURST RECEIVER 1,75/5/3,0.044,30.7805,9.2399
RAE-B BURST RECEIVER 1,75/5/3,0.044,30.9017,10.0377
RAE-B BURST RECEIVER 1,75/5/3,0.044,31.0988,9.2183
RAE-B BURST RECEIVER 1,75/5/3,0.044,31.7959,9.7574
RAE-B BURST RECEIVER 1,75/5/3,0.044,32.1293,9.0674
RAE-B BURST RECEIVER 1,75/5/3,0.044,32.3112,8.8302
RAE-B BURST RECEIVER 1,75/5/3,0.044,32.4627,9.0243
RAE-B BURST RECEIVER 1,75/5/3,0.044,32.584,9.7574
RAE-B BURST RECEIVER 1,75/5/3,0.044,33.2963,10.0593
RAE-B BURST RECEIVER 1,75/5/3,0.044,33.4933,9.7143
RAE-B BURST RECEIVER 1,75/5/3,0.044,33.6297,10.1456
RAE-B BURST RECEIVER 1,75/5/3,0.044,33.7661,9.8652
RAE-B BURST RECEIVER 1,75/5/3,0.044,34.0086,10.7709
RAE-B BURST RECEIVER 1,75/5/3,0.044,34.2056,9.5633
RAE-B BURST RECEIVER 1,75/5/3,0.044,34.5239,9.2399
RAE-B BURST RECEIVER 1,75/5/3,0.044,34.6603,10.124
RAE-B BURST RECEIVER 1,75/5/3,0.044,34.7815,10.5553
RAE-B BURST RECEIVER 1,75/5/3,0.044,35.0392,9.9515
RAE-B BURST RECEIVER 1,75/5/3,0.044,35.1604,10.4474
RAE-B BURST RECEIVER 1,75/5/3,0.044,36.8426,8.5714
RAE-B BURST RECEIVER 1,75/5/3,0.044,37.4337,9.1536
RAE-B BURST RECEIVER 1,75/5/3,0.044,37.6307,9.7143
RAE-B BURST RECEIVER 1,75/5/3,0.044,37.752,9.2183
RAE-B BURST RECEIVER 1,75/5/3,0.044,38.0399,9.7143
RAE-B BURST RECEIVER 1,75/5/3,0.044,38.146,10.9003
RAE-B BURST RECEIVER 1,75/5/3,0.044,38.6764,9.6927
RAE-B BURST RECEIVER 1,75/5/3,0.044,38.7674,10.124
RAE-B BURST RECEIVER 1,75/5/3,0.044,39.4494,10.4043
RAE-B BURST RECEIVER 1,75/5/3,0.044,39.6918,10.4043
RAE-B BURST RECEIVER 1,75/5/3,0.044,40.0859,9.9084
RAE-B BURST RECEIVER 1,75/5/3,0.044,40.2981,10.3827
RAE-B BURST RECEIVER 1,75/5/3,0.044,40.4648,9.8437
RAE-B BURST RECEIVER 1,75/5/3,0.044,40.6769,9.6496
RAE-B BURST RECEIVER 1,75/5/3,0.044,41.5105,10.5768
RAE-B BURST RECEIVER 1,75/5/3,0.044,41.6317,9.6927
RAE-B BURST RECEIVER 1,75/5/3,0.044,41.7681,10.5553
RAE-B BURST RECEIVER 1,75/5/3,0.044,41.8894,10.124
RAE-B BURST RECEIVER 1,75/5/3,0.044,42.1622,10.0593
RAE-B BURST RECEIVER 1,75/5/3,0.044,42.8138,10.0377
RAE-B BURST RECEIVER 1,75/5/3,0.044,42.9199,9.6065
RAE-B BURST RECEIVER 1,75/5/3,0.044,43.3594,9.6712
RAE-B BURST RECEIVER 1,75/5/3,0.044,43.5716,9.4771
RAE-B BURST RECEIVER 1,75/5/3,0.044,44.1778,10.0162
RAE-B BURST RECEIVER 1,75/5/3,0.044,44.3445,10.814
RAE-B BURST RECEIVER 1,75/5/3,0.044,44.6022,9.1968
RAE-B BURST RECEIVER 1,75/5/3,0.044,44.7386,10.0809
RAE-B BURST RECEIVER 1,75/5/3,0.044,44.8598,10.8571
RAE-B BURST RECEIVER 1,75/5/3,0.044,45.6327,10.965
RAE-B BURST RECEIVER 1,75/5/3,0.044,45.7691,11.4825
RAE-B BURST RECEIVER 1,75/5/3,0.044,45.9055,11.7628
RAE-B BURST RECEIVER 1,75/5/3,0.044,46.2844,11.5687
RAE-B BURST RECEIVER 1,75/5/3,0.044,46.8149,11.7197
RAE-B BURST RECEIVER 1,75/5/3,0.044,46.9361,11.2022
RAE-B BURST RECEIVER 1,75/5/3,0.044,47.0573,10.7925
RAE-B BURST RECEIVER 1,75/5/3,0.044,47.2392,10.0377
RAE-B BURST RECEIVER 1,75/5/3,0.044,47.5878,10.5337
RAE-B BURST RECEIVER 1,75/5/3,0.044,47.709,10.3396
RAE-B BURST RECEIVER 1,75/5/3,0.044,47.8757,9.7358
RAE-B BURST RECEIVER 1,75/5/3,0.044,48.1182,9.7574
RAE-B BURST RECEIVER 1,75/5/3,0.044,48.2243,10.9434
RAE-B BURST RECEIVER 1,75/5/3,0.044,48.785,9.4987
RAE-B BURST RECEIVER 1,75/5/3,0.044,48.9821,9.6496
RAE-B BURST RECEIVER 1,75/5/3,0.044,49.1336,10.0809
RAE-B BURST RECEIVER 1,75/5/3,0.044,49.2549,9.4771
RAE-B BURST RECEIVER 1,75/5/3,0.044,49.4973,10.0593
RAE-B BURST RECEIVER 1,75/5/3,0.044,49.6337,9.8437
RAE-B BURST RECEIVER 1,75/5/3,0.044,49.755,10.0593
RAE-B BURST RECEIVER 1,75/5/3,0.044,49.8914,9.8437
RAE-B BURST RECEIVER 1,75/5/3,0.044,50.2854,9.8005
RAE-B BURST RECEIVER 1,75/5/3,0.044,50.5279,9.9515
RAE-B BURST RECEIVER 1,75/5/3,0.044,50.6643,9.5202
RAE-B BURST RECEIVER 1,75/5/3,0.044,50.9068,9.9515
RAE-B BURST RECEIVER 1,75/5/3,0.044,51.0583,10.4259
RAE-B BURST RECEIVER 1,75/5/3,0.044,51.6949,11.2453
RAE-B BURST RECEIVER 1,75/5/3,0.044,51.8161,9.8652
RAE-B BURST RECEIVER 1,75/5/3,0.044,51.9525,9.6927
RAE-B BURST RECEIVER 1,75/5/3,0.044,52.2102,9.9946
RAE-B BURST RECEIVER 1,75/5/3,0.044,52.3314,10.4043
RAE-B BURST RECEIVER 1,75/5/3,0.044,52.483,10.9218
RAE-B BURST RECEIVER 1,75/5/3,0.044,52.589,10.5984
RAE-B BURST RECEIVER 1,75/5/3,0.044,52.7254,10.8571
RAE-B BURST RECEIVER 1,75/5/3,0.044,52.9225,10.4906
RAE-B BURST RECEIVER 1,75/5/3,0.044,53.4984,10.3612
RAE-B BURST RECEIVER 1,75/5/3,0.044,53.6196,9.973
RAE-B BURST RECEIVER 1,75/5/3,0.044,53.8772,10.5121
RAE-B BURST RECEIVER 1,75/5/3,0.044,53.9833,9.5202
RAE-B BURST RECEIVER 1,75/5/3,0.044,54.1652,10.0162
RAE-B BURST RECEIVER 1,75/5/3,0.044,54.5138,9.0458
RAE-B BURST RECEIVER 1,75/5/3,0.044,54.6502,9.6712
RAE-B BURST RECEIVER 1,75/5/3,0.044,54.832,9.0027
RAE-B BURST RECEIVER 1,75/5/3,0.044,55.5898,5.4663
RAE-B BURST RECEIVER 1,75/5/3,0.044,56.7113,9.4124
RAE-B BURST RECEIVER 1,75/5/3,0.044,56.8932,9.1536
RAE-B BURST RECEIVER 1,75/5/3,0.044,57.0902,9.6927
RAE-B BURST RECEIVER 1,75/5/3,0.044,57.2872,8.9596
RAE-B BURST RECEIVER 1,75/5/3,0.044,57.4691,9.1968
RAE-B BURST RECEIVER 1,75/5/3,0.044,57.6055,9.0458
RAE-B BURST RECEIVER 1,75/5/3,0.044,57.9843,9.6496
RAE-B BURST RECEIVER 1,75/5/3,0.044,58.2571,10.0593
RAE-B BURST RECEIVER 1,75/5/3,0.044,58.3784,9.9084
RAE-B BURST RECEIVER 1,75/5/3,0.044,58.5602,9.6496
RAE-B BURST RECEIVER 1,75/5/3,0.044,58.7573,9.4124
RAE-B BURST RECEIVER 1,75/5/3,0.044,58.8785,9.6496
RAE-B BURST RECEIVER 1,75/5/3,0.044,59.1513,9.1752
RAE-B BURST RECEIVER 1,75/5/3,0.044,59.3332,9.6496
RAE-B BURST RECEIVER 1,75/5/3,0.044,59.5302,9.9515
RAE-B BURST RECEIVER 1,75/5/3,0.044,59.7727,10.0593
RAE-B BURST RECEIVER 1,75/5/3,0.044,59.9091,9.8437
RAE-B BURST RECEIVER 1,75/5/3,0.055,0.0303,10.9865
RAE-B BURST RECEIVER 1,75/5/3,0.055,13.8974,10.6199
RAE-B BURST RECEIVER 1,75/5/3,0.055,15.5191,9.973
RAE-B BURST RECEIVER 1,75/5/3,0.055,16.0495,9.779
RAE-B BURST RECEIVER 1,75/5/3,0.055,16.3223,9.8221
RAE-B BURST RECEIVER 1,75/5/3,0.055,28.9315,11.9353
RAE-B BURST RECEIVER 1,75/5/3,0.055,29.2043,11.9137
RAE-B BURST RECEIVER 1,75/5/3,0.055,43.4049,10.2534
RAE-B BURST RECEIVER 1,75/5/3,0.055,46.6785,4.2156
RAE-B BURST RECEIVER 1,75/5/3,0.055,53.9985,9.0243
RAE-B BURST RECEIVER 1,75/5/3,0.067,1.9853,10.814
RAE-B BURST RECEIVER 1,75/5/3,0.067,2.243,10.5337
RAE-B BURST RECEIVER 1,75/5/3,0.067,3.0765,9.779
RAE-B BURST RECEIVER 1,75/5/3,0.067,3.3493,10.1887
RAE-B BURST RECEIVER 1,75/5/3,0.067,4.1223,10.9003
RAE-B BURST RECEIVER 1,75/5/3,0.067,4.3041,10.5984
RAE-B BURST RECEIVER 1,75/5/3,0.067,4.5011,10.4906
RAE-B BURST RECEIVER 1,75/5/3,0.067,4.6224,10.9003
RAE-B BURST RECEIVER 1,75/5/3,0.067,4.7588,10.5553
RAE-B BURST RECEIVER 1,75/5/3,0.067,5.1377,9.779
RAE-B BURST RECEIVER 1,75/5/3,0.067,5.6226,9.2615
RAE-B BURST RECEIVER 1,75/5/3,0.067,5.8045,9.2399
RAE-B BURST RECEIVER 1,75/5/3,0.067,6.1834,8.9596
RAE-B BURST RECEIVER 1,75/5/3,0.067,6.3652,9.1536
RAE-B BURST RECEIVER 1,75/5/3,0.067,7.0624,9.8437
RAE-B BURST RECEIVER 1,75/5/3,0.067,7.1836,9.1968
RAE-B BURST RECEIVER 1,75/5/3,0.067,7.32,8.938
RAE-B BURST RECEIVER 1,75/5/3,0.067,8.7295,8.7655
RAE-B BURST RECEIVER 1,75/5/3,0.067,8.8659,9.1321
RAE-B BURST RECEIVER 1,75/5/3,0.067,9.1235,9.5849
RAE-B BURST RECEIVER 1,75/5/3,0.067,9.2599,9.9515
RAE-B BURST RECEIVER 1,75/5/3,0.067,9.8964,9.2399
RAE-B BURST RECEIVER 1,75/5/3,0.067,10.0328,9.6712
RAE-B BURST RECEIVER 1,75/5/3,0.067,10.6087,8.8733
RAE-B BURST RECEIVER 1,75/5/3,0.067,10.8058,9.779
RAE-B BURST RECEIVER 1,75/5/3,0.067,11.4423,9.8221
RAE-B BURST RECEIVER 1,75/5/3,0.067,11.5938,9.2399
RAE-B BURST RECEIVER 1,75/5/3,0.067,11.9273,9.1536
RAE-B BURST RECEIVER 1,75/5/3,0.067,12.1546,8.938
RAE-B BURST RECEIVER 1,75/5/3,0.067,13.1245,9.6065
RAE-B BURST RECEIVER 1,75/5/3,0.067,13.2609,8.8086
RAE-B BURST RECEIVER 1,75/5/3,0.067,13.4579,9.1536
RAE-B BURST RECEIVER 1,75/5/3,0.067,13.6398,9.8221
RAE-B BURST RECEIVER 1,75/5/3,0.067,13.8974,10.0377
RAE-B BURST RECEIVER 1,75/5/3,0.067,14.049,10.2318
RAE-B BURST RECEIVER 1,75/5/3,0.067,14.1551,9.9299
RAE-B BURST RECEIVER 1,75/5/3,0.067,14.2763,9.5633
RAE-B BURST RECEIVER 1,75/5/3,0.067,15.0644,8.8733
RAE-B BURST RECEIVER 1,75/5/3,0.067,17.0043,8.6792
RAE-B BURST RECEIVER 1,75/5/3,0.067,17.1255,8.8733
RAE-B BURST RECEIVER 1,75/5/3,0.067,17.9136,8.9164
RAE-B BURST RECEIVER 1,75/5/3,0.067,18.1561,9.1105
RAE-B BURST RECEIVER 1,75/5/3,0.067,18.3531,8.9164
RAE-B BURST RECEIVER 1,75/5/3,0.067,18.5501,10.0162
RAE-B BURST RECEIVER 1,75/5/3,0.067,18.7926,9.1968
RAE-B BURST RECEIVER 1,75/5/3,0.067,19.0503,8.9596
RAE-B BURST RECEIVER 1,75/5/3,0.067,19.1867,9.1752
RAE-B BURST RECEIVER 1,75/5/3,0.067,19.3231,8.9164
RAE-B BURST RECEIVER 1,75/5/3,0.067,19.5049,9.1752
RAE-B BURST RECEIVER 1,75/5/3,0.067,19.7019,9.283
RAE-B BURST RECEIVER 1,75/5/3,0.067,19.9747,8.9811
RAE-B BURST RECEIVER 1,75/5/3,0.067,20.7325,9.8005
RAE-B BURST RECEIVER 1,75/5/3,0.067,20.8689,9.283
RAE-B BURST RECEIVER 1,75/5/3,0.067,21.0053,10.0593
RAE-B BURST RECEIVER 1,75/5/3,0.067,21.5054,9.8437
RAE-B BURST RECEIVER 1,75/5/3,0.067,21.6418,9.6496
RAE-B BURST RECEIVER 1,75/5/3,0.067,21.7479,9.8652
RAE-B BURST RECEIVER 1,75/5/3,0.067,21.9298,10.0162
RAE-B BURST RECEIVER 1,75/5/3,0.067,22.0359,9.7574
RAE-B BURST RECEIVER 1,75/5/3,0.067,22.1723,10.0593
RAE-B BURST RECEIVER 1,75/5/3,0.067,22.2935,9.6927
RAE-B BURST RECEIVER 1,75/5/3,0.067,22.4905,10.0809
RAE-B BURST RECEIVER 1,75/5/3,0.067,22.6875,9.2615
RAE-B BURST RECEIVER 1,75/5/3,0.067,22.7936,9.8005
RAE-B BURST RECEIVER 1,75/5/3,0.067,23.0816,10.0593
RAE-B BURST RECEIVER 1,75/5/3,0.067,23.1877,9.5849
RAE-B BURST RECEIVER 1,75/5/3,0.067,23.3241,9.1968
RAE-B BURST RECEIVER 1,75/5/3,0.067,23.4605,9.9515
RAE-B BURST RECEIVER 1,75/5/3,0.067,23.5817,9.5202
RAE-B BURST RECEIVER 1,75/5/3,0.067,23.9758,9.9515
RAE-B BURST RECEIVER 1,75/5/3,0.067,24.3698,9.2615
RAE-B BURST RECEIVER 1,75/5/3,0.067,24.491,9.779
RAE-B BURST RECEIVER 1,75/5/3,0.067,24.6274,9.1321
RAE-B BURST RECEIVER 1,75/5/3,0.067,25.1882,9.6927
RAE-B BURST RECEIVER 1,75/5/3,0.067,25.5064,9.7143
RAE-B BURST RECEIVER 1,75/5/3,0.067,25.7035,9.2615
RAE-B BURST RECEIVER 1,75/5/3,0.067,26.0823,9.2183
RAE-B BURST RECEIVER 1,75/5/3,0.067,26.2945,9.779
RAE-B BURST RECEIVER 1,75/5/3,0.067,26.4158,9.2615
RAE-B BURST RECEIVER 1,75/5/3,0.067,26.5522,9.5202
RAE-B BURST RECEIVER 1,75/5/3,0.067,26.6886,9.973
RAE-B BURST RECEIVER 1,75/5/3,0.067,27.3251,10.469
RAE-B BURST RECEIVER 1,75/5/3,0.067,27.4615,9.8652
RAE-B BURST RECEIVER 1,75/5/3,0.067,27.5827,10.8787
RAE-B BURST RECEIVER 1,75/5/3,0.067,27.8101,10.8787
RAE-B BURST RECEIVER 1,75/5/3,0.067,27.9919,10.7925
RAE-B BURST RECEIVER 1,75/5/3,0.067,28.1132,11.0081
RAE-B BURST RECEIVER 1,75/5/3,0.067,28.2344,10.4474
RAE-B BURST RECEIVER 1,75/5/3,0.067,28.3556,10.6415
RAE-B BURST RECEIVER 1,75/5/3,0.067,28.6284,10.469
RAE-B BURST RECEIVER 1,75/5/3,0.067,28.9922,4.4528
RAE-B BURST RECEIVER 1,75/5/3,0.067,29.265,9.5849
RAE-B BURST RECEIVER 1,75/5/3,0.067,29.4771,9.9946
RAE-B BURST RECEIVER 1,75/5/3,0.067,30.053,9.9299
RAE-B BURST RECEIVER 1,75/5/3,0.067,30.7047,10.5768
RAE-B BURST RECEIVER 1,75/5/3,0.067,30.826,10.1671
RAE-B BURST RECEIVER 1,75/5/3,0.067,30.9624,10.8356
RAE-B BURST RECEIVER 1,75/5/3,0.067,31.0836,10.1887
RAE-B BURST RECEIVER 1,75/5/3,0.067,31.2048,10.7278
RAE-B BURST RECEIVER 1,75/5/3,0.067,31.4776,11.0512
RAE-B BURST RECEIVER 1,75/5/3,0.067,32.0232,10.8787
RAE-B BURST RECEIVER 1,75/5/3,0.067,32.1142,10.0809
RAE-B BURST RECEIVER 1,75/5/3,0.067,32.2506,10.7493
RAE-B BURST RECEIVER 1,75/5/3,0.067,32.3718,10.4474
RAE-B BURST RECEIVER 1,75/5/3,0.067,32.781,11.31
RAE-B BURST RECEIVER 1,75/5/3,0.067,32.9629,10.4906
RAE-B BURST RECEIVER 1,75/5/3,0.067,33.5388,9.779
RAE-B BURST RECEIVER 1,75/5/3,0.067,35.0998,11.3531
RAE-B BURST RECEIVER 1,75/5/3,0.067,35.221,10.1671
RAE-B BURST RECEIVER 1,75/5/3,0.067,35.4787,9.9946
RAE-B BURST RECEIVER 1,75/5/3,0.067,36.9033,10.5121
RAE-B BURST RECEIVER 1,75/5/3,0.067,37.0397,10.814
RAE-B BURST RECEIVER 1,75/5/3,0.067,37.1761,11.31
RAE-B BURST RECEIVER 1,75/5/3,0.067,37.2821,10.8787
RAE-B BURST RECEIVER 1,75/5/3,0.067,37.4185,10.5121
RAE-B BURST RECEIVER 1,75/5/3,0.067,37.9187,10.4906
RAE-B BURST RECEIVER 1,75/5/3,0.067,38.1763,10.7709
RAE-B BURST RECEIVER 1,75/5/3,0.067,38.3885,10.5121
RAE-B BURST RECEIVER 1,75/5/3,0.067,38.5703,10.9434
RAE-B BURST RECEIVER 1,75/5/3,0.067,38.7067,10.7278
RAE-B BURST RECEIVER 1,75/5/3,0.067,38.828,10.469
RAE-B BURST RECEIVER 1,75/5/3,0.067,38.9644,10.8571
RAE-B BURST RECEIVER 1,75/5/3,0.067,39.3584,10.8571
RAE-B BURST RECEIVER 1,75/5/3,0.067,40.192,10.124
RAE-B BURST RECEIVER 1,75/5/3,0.067,40.4496,10.4043
RAE-B BURST RECEIVER 1,75/5/3,0.067,41.4196,10.0377
RAE-B BURST RECEIVER 1,75/5/3,0.067,41.6317,6.4151
RAE-B BURST RECEIVER 1,75/5/3,0.067,41.7984,10.4259
RAE-B BURST RECEIVER 1,75/5/3,0.067,41.9348,10.1671
RAE-B BURST RECEIVER 1,75/5/3,0.067,42.1773,10.1024
RAE-B BURST RECEIVER 1,75/5/3,0.067,42.3137,10.4043
RAE-B BURST RECEIVER 1,75/5/3,0.067,42.4653,11.4178
RAE-B BURST RECEIVER 1,75/5/3,0.067,43.2382,10.1024
RAE-B BURST RECEIVER 1,75/5/3,0.067,43.8747,10.1671
RAE-B BURST RECEIVER 1,75/5/3,0.067,44.1627,10.5337
RAE-B BURST RECEIVER 1,75/5/3,0.067,44.2688,10.1456
RAE-B BURST RECEIVER 1,75/5/3,0.067,44.6476,9.9515
RAE-B BURST RECEIVER 1,75/5/3,0.067,44.784,10.6631
RAE-B BURST RECEIVER 1,75/5/3,0.067,45.557,11.8922
RAE-B BURST RECEIVER 1,75/5/3,0.067,45.6782,10.9865
RAE-B BURST RECEIVER 1,75/5/3,0.067,45.9358,8.7008
RAE-B BURST RECEIVER 1,75/5/3,0.067,46.1935,11.0081
RAE-B BURST RECEIVER 1,75/5/3,0.067,46.7239,11.6334
RAE-B BURST RECEIVER 1,75/5/3,0.067,47.1028,11.6765
RAE-B BURST RECEIVER 1,75/5/3,0.067,47.2392,10.9865
RAE-B BURST RECEIVER 1,75/5/3,0.067,47.3453,10.3827
RAE-B BURST RECEIVER 1,75/5/3,0.067,47.5575,9.9946
RAE-B BURST RECEIVER 1,75/5/3,0.067,47.8757,10.1456
RAE-B BURST RECEIVER 1,75/5/3,0.067,47.997,10.5337
RAE-B BURST RECEIVER 1,75/5/3,0.067,48.1637,10.9003
RAE-B BURST RECEIVER 1,75/5/3,0.067,48.391,10.6199
RAE-B BURST RECEIVER 1,75/5/3,0.067,48.5123,10.1456
RAE-B BURST RECEIVER 1,75/5/3,0.067,48.6486,9.8437
RAE-B BURST RECEIVER 1,75/5/3,0.067,48.7699,9.6496
RAE-B BURST RECEIVER 1,75/5/3,0.067,48.9063,9.9946
RAE-B BURST RECEIVER 1,75/5/3,0.067,49.0275,10.1456
RAE-B BURST RECEIVER 1,75/5/3,0.067,49.2397,10.0377
RAE-B BURST RECEIVER 1,75/5/3,0.067,49.4216,9.779
RAE-B BURST RECEIVER 1,75/5/3,0.067,49.558,10.1456
RAE-B BURST RECEIVER 1,75/5/3,0.067,49.6944,10.7709
RAE-B BURST RECEIVER 1,75/5/3,0.067,50.2096,10.8571
RAE-B BURST RECEIVER 1,75/5/3,0.067,50.3309,10.6199
RAE-B BURST RECEIVER 1,75/5/3,0.067,50.4673,10.8571
RAE-B BURST RECEIVER 1,75/5/3,0.067,50.7098,10.5768
RAE-B BURST RECEIVER 1,75/5/3,0.067,50.9068,10.4259
RAE-B BURST RECEIVER 1,75/5/3,0.067,51.0887,9.8437
RAE-B BURST RECEIVER 1,75/5/3,0.067,51.3311,10.4259
RAE-B BURST RECEIVER 1,75/5/3,0.067,51.5736,10.124
RAE-B BURST RECEIVER 1,75/5/3,0.067,51.7252,9.4987
RAE-B BURST RECEIVER 1,75/5/3,0.067,51.9222,9.5849
RAE-B BURST RECEIVER 1,75/5/3,0.067,52.392,9.6065
RAE-B BURST RECEIVER 1,75/5/3,0.067,52.589,9.8868
RAE-B BURST RECEIVER 1,75/5/3,0.067,52.6042,5.5957
RAE-B BURST RECEIVER 1,75/5/3,0.067,52.8467,9.5849
RAE-B BURST RECEIVER 1,75/5/3,0.067,53.1043,10.0377
RAE-B BURST RECEIVER 1,75/5/3,0.067,53.3013,9.7358
RAE-B BURST RECEIVER 1,75/5/3,0.067,53.9379,10.0377
RAE-B BURST RECEIVER 1,75/5/3,0.067,54.044,9.6496
RAE-B BURST RECEIVER 1,75/5/3,0.067,54.6956,9.0674
RAE-B BURST RECEIVER 1,75/5/3,0.067,54.8775,8.4852
RAE-B BURST RECEIVER 1,75/5/3,0.067,55.2715,9.6065
RAE-B BURST RECEIVER 1,75/5/3,0.067,57.6661,10.6415
RAE-B BURST RECEIVER 1,75/5/3,0.067,57.7722,10.4259
RAE-B BURST RECEIVER 1,75/5/3,0.067,58.0298,10.469
RAE-B BURST RECEIVER 1,75/5/3,0.067,59.712,10.7493
RAE-B BURST RECEIVER 1,75/5/3,0.067,59.8636,10.5121
RAE-B BURST RECEIVER 1,75/5/3,0.083,2.0157,11.0296
RAE-B BURST RECEIVER 1,75/5/3,0.083,2.1521,5.531
RAE-B BURST RECEIVER 1,75/5/3,0.083,2.7431,10.9003
RAE-B BURST RECEIVER 1,75/5/3,0.083,3.3796,9.9084
RAE-B BURST RECEIVER 1,75/5/3,0.083,3.5009,10.469
RAE-B BURST RECEIVER 1,75/5/3,0.083,3.6373,10.1456
RAE-B BURST RECEIVER 1,75/5/3,0.083,3.8949,10.5768
RAE-B BURST RECEIVER 1,75/5/3,0.083,4.0162,10.2318
RAE-B BURST RECEIVER 1,75/5/3,0.083,4.1677,9.9299
RAE-B BURST RECEIVER 1,75/5/3,0.083,4.6678,11.0728
RAE-B BURST RECEIVER 1,75/5/3,0.083,4.8042,10.5337
RAE-B BURST RECEIVER 1,75/5/3,0.083,4.9406,10.7278
RAE-B BURST RECEIVER 1,75/5/3,0.083,5.0467,10.2318
RAE-B BURST RECEIVER 1,75/5/3,0.083,5.562,10.7062
RAE-B BURST RECEIVER 1,75/5/3,0.083,5.9409,9.1968
RAE-B BURST RECEIVER 1,75/5/3,0.083,6.0773,8.8949
RAE-B BURST RECEIVER 1,75/5/3,0.083,6.2137,9.0889
RAE-B BURST RECEIVER 1,75/5/3,0.083,6.3349,9.7358
RAE-B BURST RECEIVER 1,75/5/3,0.083,6.4562,9.1321
RAE-B BURST RECEIVER 1,75/5/3,0.083,6.6077,9.5418
RAE-B BURST RECEIVER 1,75/5/3,0.083,6.9866,9.6927
RAE-B BURST RECEIVER 1,75/5/3,0.083,7.4867,9.1968
RAE-B BURST RECEIVER 1,75/5/3,0.083,7.608,9.8005
RAE-B BURST RECEIVER 1,75/5/3,0.083,7.8808,10.0162
RAE-B BURST RECEIVER 1,75/5/3,0.083,8.002,8.7871
RAE-B BURST RECEIVER 1,75/5/3,0.083,8.1384,9.0674
RAE-B BURST RECEIVER 1,75/5/3,0.083,8.2597,10.0162
RAE-B BURST RECEIVER 1,75/5/3,0.083,8.7143,9.1968
RAE-B BURST RECEIVER 1,75/5/3,0.083,8.8962,9.5418
RAE-B BURST RECEIVER 1,75/5/3,0.083,9.0174,8.9164
RAE-B BURST RECEIVER 1,75/5/3,0.083,9.2902,9.283
RAE-B BURST RECEIVER 1,75/5/3,0.083,9.4266,9.5418
RAE-B BURST RECEIVER 1,75/5/3,0.083,9.5479,9.0674
RAE-B BURST RECEIVER 1,75/5/3,0.083,9.6691,8.8518
RAE-B BURST RECEIVER 1,75/5/3,0.083,9.9267,9.1968
RAE-B BURST RECEIVER 1,75/5/3,0.083,10.0631,9.0027
RAE-B BURST RECEIVER 1,75/5/3,0.083,10.5784,8.7655
RAE-B BURST RECEIVER 1,75/5/3,0.083,10.6997,9.1105
RAE-B BURST RECEIVER 1,75/5/3,0.083,10.8361,8.7008
RAE-B BURST RECEIVER 1,75/5/3,0.083,10.9725,8.9164
RAE-B BURST RECEIVER 1,75/5/3,0.083,11.0786,9.7143
RAE-B BURST RECEIVER 1,75/5/3,0.083,11.215,8.7439
RAE-B BURST RECEIVER 1,75/5/3,0.083,11.3514,9.2183
RAE-B BURST RECEIVER 1,75/5/3,0.083,11.9576,9.7143
RAE-B BURST RECEIVER 1,75/5/3,0.083,12.2455,9.283
RAE-B BURST RECEIVER 1,75/5/3,0.083,12.3819,9.9299
RAE-B BURST RECEIVER 1,75/5/3,0.083,12.6396,9.7143
RAE-B BURST RECEIVER 1,75/5/3,0.083,13.4125,9.7358
RAE-B BURST RECEIVER 1,75/5/3,0.083,13.5337,8.8949
RAE-B BURST RECEIVER 1,75/5/3,0.083,13.655,9.283
RAE-B BURST RECEIVER 1,75/5/3,0.083,13.9278,9.9084
RAE-B BURST RECEIVER 1,75/5/3,0.083,14.6401,10.0809
RAE-B BURST RECEIVER 1,75/5/3,0.083,14.8219,9.5849
RAE-B BURST RECEIVER 1,75/5/3,0.083,14.9432,9.1752
RAE-B BURST RECEIVER 1,75/5/3,0.083,15.5948,9.9946
RAE-B BURST RECEIVER 1,75/5/3,0.083,15.5948,10.965
RAE-B BURST RECEIVER 1,75/5/3,0.083,17.0346,9.9946
RAE-B BURST RECEIVER 1,75/5/3,0.083,17.1407,8.8302
RAE-B BURST RECEIVER 1,75/5/3,0.083,17.2771,8.7008
RAE-B BURST RECEIVER 1,75/5/3,0.083,17.7014,7.2992
RAE-B BURST RECEIVER 1,75/5/3,0.083,17.9439,9.0889
RAE-B BURST RECEIVER 1,75/5/3,0.083,18.05,9.7143
RAE-B BURST RECEIVER 1,75/5/3,0.083,18.2622,9.3046
RAE-B BURST RECEIVER 1,75/5/3,0.083,18.4289,9.9946
RAE-B BURST RECEIVER 1,75/5/3,0.083,18.5804,10.1671
RAE-B BURST RECEIVER 1,75/5/3,0.083,19.3382,9.5849
RAE-B BURST RECEIVER 1,75/5/3,0.083,19.5959,9.3261
RAE-B BURST RECEIVER 1,75/5/3,0.083,19.7323,10.1887
RAE-B BURST RECEIVER 1,75/5/3,0.083,20.1111,9.8221
RAE-B BURST RECEIVER 1,75/5/3,0.083,20.2475,10.1887
RAE-B BURST RECEIVER 1,75/5/3,0.083,20.3688,9.7143
RAE-B BURST RECEIVER 1,75/5/3,0.083,21.1417,10.1887
RAE-B BURST RECEIVER 1,75/5/3,0.083,21.4145,9.3046
RAE-B BURST RECEIVER 1,75/5/3,0.083,21.5964,10.0162
RAE-B BURST RECEIVER 1,75/5/3,0.083,21.7782,10.1887
RAE-B BURST RECEIVER 1,75/5/3,0.083,21.9601,9.9515
RAE-B BURST RECEIVER 1,75/5/3,0.083,22.3693,9.9515
RAE-B BURST RECEIVER 1,75/5/3,0.083,22.7027,9.3046
RAE-B BURST RECEIVER 1,75/5/3,0.083,22.8239,10.124
RAE-B BURST RECEIVER 1,75/5/3,0.083,22.9603,9.5633
RAE-B BURST RECEIVER 1,75/5/3,0.083,23.0967,10.4474
RAE-B BURST RECEIVER 1,75/5/3,0.083,23.3544,10.4906
RAE-B BURST RECEIVER 1,75/5/3,0.083,23.4908,10.1456
RAE-B BURST RECEIVER 1,75/5/3,0.083,23.6423,10.4906
RAE-B BURST RECEIVER 1,75/5/3,0.083,24.0061,9.628
RAE-B BURST RECEIVER 1,75/5/3,0.083,24.1273,10.5553
RAE-B BURST RECEIVER 1,75/5/3,0.083,24.2637,9.5849
RAE-B BURST RECEIVER 1,75/5/3,0.083,24.4001,10.8356
RAE-B BURST RECEIVER 1,75/5/3,0.083,24.582,9.628
RAE-B BURST RECEIVER 1,75/5/3,0.083,24.7638,10.0809
RAE-B BURST RECEIVER 1,75/5/3,0.083,25.4155,10.4259
RAE-B BURST RECEIVER 1,75/5/3,0.083,25.5368,11.0512
RAE-B BURST RECEIVER 1,75/5/3,0.083,25.6731,10.8356
RAE-B BURST RECEIVER 1,75/5/3,0.083,25.8095,10.4474
RAE-B BURST RECEIVER 1,75/5/3,0.083,26.0672,10.5121
RAE-B BURST RECEIVER 1,75/5/3,0.083,26.2036,10.9865
RAE-B BURST RECEIVER 1,75/5/3,0.083,26.34,10.469
RAE-B BURST RECEIVER 1,75/5/3,0.083,27.3554,11.0512
RAE-B BURST RECEIVER 1,75/5/3,0.083,27.4918,11.7628
RAE-B BURST RECEIVER 1,75/5/3,0.083,27.5979,10.5121
RAE-B BURST RECEIVER 1,75/5/3,0.083,27.7343,11.9353
RAE-B BURST RECEIVER 1,75/5/3,0.083,27.8404,10.7709
RAE-B BURST RECEIVER 1,75/5/3,0.083,28.0222,10.8571
RAE-B BURST RECEIVER 1,75/5/3,0.083,28.1132,10.1456
RAE-B BURST RECEIVER 1,75/5/3,0.083,28.2496,10.7278
RAE-B BURST RECEIVER 1,75/5/3,0.083,28.3708,9.9946
RAE-B BURST RECEIVER 1,75/5/3,0.083,28.5072,9.5849
RAE-B BURST RECEIVER 1,75/5/3,0.083,29.4317,10.1887
RAE-B BURST RECEIVER 1,75/5/3,0.083,29.6135,10.7278
RAE-B BURST RECEIVER 1,75/5/3,0.083,29.8106,10.1671
RAE-B BURST RECEIVER 1,75/5/3,0.083,30.0682,10.469
RAE-B BURST RECEIVER 1,75/5/3,0.083,30.735,10.4259
RAE-B BURST RECEIVER 1,75/5/3,0.083,30.8411,11.3531
RAE-B BURST RECEIVER 1,75/5/3,0.083,30.9775,11.7628
RAE-B BURST RECEIVER 1,75/5/3,0.083,31.2352,11.7412
RAE-B BURST RECEIVER 1,75/5/3,0.083,31.4322,10.814
RAE-B BURST RECEIVER 1,75/5/3,0.083,32.1445,11.6765
RAE-B BURST RECEIVER 1,75/5/3,0.083,32.8568,11.6119
RAE-B BURST RECEIVER 1,75/5/3,0.083,33.0386,10.9865
RAE-B BURST RECEIVER 1,75/5/3,0.083,33.8116,10.4474
RAE-B BURST RECEIVER 1,75/5/3,0.083,34.0844,10.5337
RAE-B BURST RECEIVER 1,75/5/3,0.083,34.2056,10.8356
RAE-B BURST RECEIVER 1,75/5/3,0.083,34.9785,10.9865
RAE-B BURST RECEIVER 1,75/5/3,0.083,35.1149,10.4259
RAE-B BURST RECEIVER 1,75/5/3,0.083,35.2362,10.1456
RAE-B BURST RECEIVER 1,75/5/3,0.083,36.9184,9.973
RAE-B BURST RECEIVER 1,75/5/3,0.083,38.1157,10.469
RAE-B BURST RECEIVER 1,75/5/3,0.083,39.313,10.5337
RAE-B BURST RECEIVER 1,75/5/3,0.083,39.5858,10.9865
RAE-B BURST RECEIVER 1,75/5/3,0.083,39.8282,10.7925
RAE-B BURST RECEIVER 1,75/5/3,0.083,40.1617,10.469
RAE-B BURST RECEIVER 1,75/5/3,0.083,41.1922,10.8571
RAE-B BURST RECEIVER 1,75/5/3,0.083,41.3135,11.31
RAE-B BURST RECEIVER 1,75/5/3,0.083,41.8136,5.6173
RAE-B BURST RECEIVER 1,75/5/3,0.083,42.2228,10.5984
RAE-B BURST RECEIVER 1,75/5/3,0.083,42.3592,10.4474
RAE-B BURST RECEIVER 1,75/5/3,0.083,42.4804,10.7278
RAE-B BURST RECEIVER 1,75/5/3,0.083,42.6017,10.1671
RAE-B BURST RECEIVER 1,75/5/3,0.083,42.9957,10.0162
RAE-B BURST RECEIVER 1,75/5/3,0.083,43.1169,10.4906
RAE-B BURST RECEIVER 1,75/5/3,0.083,43.2533,10.0377
RAE-B BURST RECEIVER 1,75/5/3,0.083,43.3746,10.4259
RAE-B BURST RECEIVER 1,75/5/3,0.083,43.5716,10.1024
RAE-B BURST RECEIVER 1,75/5/3,0.083,43.7535,10.7925
RAE-B BURST RECEIVER 1,75/5/3,0.083,43.996,10.814
RAE-B BURST RECEIVER 1,75/5/3,0.083,44.8598,10.5121
RAE-B BURST RECEIVER 1,75/5/3,0.083,45.0417,10.1671
RAE-B BURST RECEIVER 1,75/5/3,0.083,45.1932,10.4259
RAE-B BURST RECEIVER 1,75/5/3,0.083,45.3145,11.2884
RAE-B BURST RECEIVER 1,75/5/3,0.083,45.5873,11.31
RAE-B BURST RECEIVER 1,75/5/3,0.083,45.6934,10.4474
RAE-B BURST RECEIVER 1,75/5/3,0.083,45.8298,11.7628
RAE-B BURST RECEIVER 1,75/5/3,0.083,46.345,11.4178
RAE-B BURST RECEIVER 1,75/5/3,0.083,46.4814,11.655
RAE-B BURST RECEIVER 1,75/5/3,0.083,46.6027,10.4474
RAE-B BURST RECEIVER 1,75/5/3,0.083,46.7391,10.7709
RAE-B BURST RECEIVER 1,75/5/3,0.083,46.8755,11.0081
RAE-B BURST RECEIVER 1,75/5/3,0.083,46.9967,10.4259
RAE-B BURST RECEIVER 1,75/5/3,0.083,47.118,10.1671
RAE-B BURST RECEIVER 1,75/5/3,0.083,47.3604,10.1456
RAE-B BURST RECEIVER 1,75/5/3,0.083,47.4968,10.5337
RAE-B BURST RECEIVER 1,75/5/3,0.083,47.6332,9.973
RAE-B BURST RECEIVER 1,75/5/3,0.083,47.7696,10.7062
RAE-B BURST RECEIVER 1,75/5/3,0.083,48.0121,10.6631
RAE-B BURST RECEIVER 1,75/5/3,0.083,48.1788,10.7709
RAE-B BURST RECEIVER 1,75/5/3,0.083,48.3455,10.124
RAE-B BURST RECEIVER 1,75/5/3,0.083,48.5274,9.8221
RAE-B BURST RECEIVER 1,75/5/3,0.083,48.6638,9.5418
RAE-B BURST RECEIVER 1,75/5/3,0.083,48.8002,10.124
RAE-B BURST RECEIVER 1,75/5/3,0.083,48.9063,9.6065
RAE-B BURST RECEIVER 1,75/5/3,0.083,49.4367,9.628
RAE-B BURST RECEIVER 1,75/5/3,0.083,49.558,8.8302
RAE-B BURST RECEIVER 1,75/5/3,0.083,49.8156,9.628
RAE-B BURST RECEIVER 1,75/5/3,0.083,49.952,10.1887
RAE-B BURST RECEIVER 1,75/5/3,0.083,50.4673,10.1024
RAE-B BURST RECEIVER 1,75/5/3,0.083,50.5885,10.4259
RAE-B BURST RECEIVER 1,75/5/3,0.083,50.7249,10.1671
RAE-B BURST RECEIVER 1,75/5/3,0.083,50.9219,9.9084
RAE-B BURST RECEIVER 1,75/5/3,0.083,51.1796,9.7143
RAE-B BURST RECEIVER 1,75/5/3,0.083,51.3615,9.1105
RAE-B BURST RECEIVER 1,75/5/3,0.083,51.4979,9.2615
RAE-B BURST RECEIVER 1,75/5/3,0.083,52.2708,9.8868
RAE-B BURST RECEIVER 1,75/5/3,0.083,53.1649,9.9084
RAE-B BURST RECEIVER 1,75/5/3,0.083,53.4226,9.5849
RAE-B BURST RECEIVER 1,75/5/3,0.083,53.559,8.9811
RAE-B BURST RECEIVER 1,75/5/3,0.083,53.8015,9.1536
RAE-B BURST RECEIVER 1,75/5/3,0.083,53.9379,9.9084
RAE-B BURST RECEIVER 1,75/5/3,0.083,54.0591,10.1456
RAE-B BURST RECEIVER 1,75/5/3,0.083,54.2258,8.938
RAE-B BURST RECEIVER 1,75/5/3,0.083,54.3319,9.5633
RAE-B BURST RECEIVER 1,75/5/3,0.083,54.8472,10.1024
RAE-B BURST RECEIVER 1,75/5/3,0.083,56.7719,9.7143
RAE-B BURST RECEIVER 1,75/5/3,0.083,57.272,10.3827
RAE-B BURST RECEIVER 1,75/5/3,0.083,57.3933,9.9299
RAE-B BURST RECEIVER 1,75/5/3,0.083,57.6055,10.8571
RAE-B BURST RECEIVER 1,75/5/3,0.083,57.7873,10.3827
RAE-B BURST RECEIVER 1,75/5/3,0.083,57.9086,10.5984
RAE-B BURST RECEIVER 1,75/5/3,0.083,58.3784,10.8571
RAE-B BURST RECEIVER 1,75/5/3,0.083,58.5451,10.5553
RAE-B BURST RECEIVER 1,75/5/3,0.083,59.3332,10.6415
RAE-B BURST RECEIVER 1,75/5/3,0.083,59.4544,10.965
RAE-B BURST RECEIVER 1,75/5/3,0.083,59.5908,10.7493
RAE-B BURST RECEIVER 1,75/5/3,0.083,59.8788,10.7493
RAE-B BURST RECEIVER 1,75/5/3,0.083,59.9242,10.2749
RAE-B BURST RECEIVER 1,75/5/3,0.096,2.3794,10.7278
RAE-B BURST RECEIVER 1,75/5/3,0.096,2.5006,10.1671
RAE-B BURST RECEIVER 1,75/5/3,0.096,2.6219,10.4906
RAE-B BURST RECEIVER 1,75/5/3,0.096,2.7583,9.8005
RAE-B BURST RECEIVER 1,75/5/3,0.096,2.9553,9.5633
RAE-B BURST RECEIVER 1,75/5/3,0.096,3.1372,9.1752
RAE-B BURST RECEIVER 1,75/5/3,0.096,3.2432,8.097
RAE-B BURST RECEIVER 1,75/5/3,0.096,3.3493,9.5418
RAE-B BURST RECEIVER 1,75/5/3,0.096,3.9252,9.0889
RAE-B BURST RECEIVER 1,75/5/3,0.096,4.0616,9.8221
RAE-B BURST RECEIVER 1,75/5/3,0.096,4.1829,9.1321
RAE-B BURST RECEIVER 1,75/5/3,0.096,4.4254,8.8302
RAE-B BURST RECEIVER 1,75/5/3,0.096,4.5618,8.6361
RAE-B BURST RECEIVER 1,75/5/3,0.096,4.683,9.1105
RAE-B BURST RECEIVER 1,75/5/3,0.096,4.8194,9.6712
RAE-B BURST RECEIVER 1,75/5/3,0.096,4.9558,9.1752
RAE-B BURST RECEIVER 1,75/5/3,0.096,5.0619,8.6792
RAE-B BURST RECEIVER 1,75/5/3,0.096,5.1983,9.0889
RAE-B BURST RECEIVER 1,75/5/3,0.096,5.8651,9.0674
RAE-B BURST RECEIVER 1,75/5/3,0.096,5.9712,9.3046
RAE-B BURST RECEIVER 1,75/5/3,0.096,6.1076,9.0458
RAE-B BURST RECEIVER 1,75/5/3,0.096,6.244,9.3046
RAE-B BURST RECEIVER 1,75/5/3,0.096,6.5623,8.6577
RAE-B BURST RECEIVER 1,75/5/3,0.096,6.7441,8.8949
RAE-B BURST RECEIVER 1,75/5/3,0.096,7.123,8.8733
RAE-B BURST RECEIVER 1,75/5/3,0.096,7.2594,9.0889
RAE-B BURST RECEIVER 1,75/5/3,0.096,7.2746,11.0296
RAE-B BURST RECEIVER 1,75/5/3,0.096,7.3807,8.6792
RAE-B BURST RECEIVER 1,75/5/3,0.096,7.517,9.1752
RAE-B BURST RECEIVER 1,75/5/3,0.096,7.6383,9.5633
RAE-B BURST RECEIVER 1,75/5/3,0.096,8.0323,9.1752
RAE-B BURST RECEIVER 1,75/5/3,0.096,8.1536,8.7439
RAE-B BURST RECEIVER 1,75/5/3,0.096,8.2748,9.0243
RAE-B BURST RECEIVER 1,75/5/3,0.096,8.4112,10.4474
RAE-B BURST RECEIVER 1,75/5/3,0.096,8.5476,10.0593
RAE-B BURST RECEIVER 1,75/5/3,0.096,8.6689,9.5633
RAE-B BURST RECEIVER 1,75/5/3,0.096,8.7901,9.1968
RAE-B BURST RECEIVER 1,75/5/3,0.096,8.9265,9.6065
RAE-B BURST RECEIVER 1,75/5/3,0.096,9.0477,9.8437
RAE-B BURST RECEIVER 1,75/5/3,0.096,9.1841,9.5633
RAE-B BURST RECEIVER 1,75/5/3,0.096,9.3205,9.1752
RAE-B BURST RECEIVER 1,75/5/3,0.096,9.4418,8.7439
RAE-B BURST RECEIVER 1,75/5/3,0.096,9.563,9.8437
RAE-B BURST RECEIVER 1,75/5/3,0.096,9.6994,9.5633
RAE-B BURST RECEIVER 1,75/5/3,0.096,9.8661,9.2399
RAE-B BURST RECEIVER 1,75/5/3,0.096,10.6694,9.5633
RAE-B BURST RECEIVER 1,75/5/3,0.096,10.8664,9.3261
RAE-B BURST RECEIVER 1,75/5/3,0.096,11.0028,9.5633
RAE-B BURST RECEIVER 1,75/5/3,0.096,11.5635,9.8868
RAE-B BURST RECEIVER 1,75/5/3,0.096,11.7302,10.469
RAE-B BURST RECEIVER 1,75/5/3,0.096,11.9121,9.8652
RAE-B BURST RECEIVER 1,75/5/3,0.096,12.0182,9.3046
RAE-B BURST RECEIVER 1,75/5/3,0.096,12.1546,9.8005
RAE-B BURST RECEIVER 1,75/5/3,0.096,12.3516,9.5849
RAE-B BURST RECEIVER 1,75/5/3,0.096,12.4577,9.9084
RAE-B BURST RECEIVER 1,75/5/3,0.096,12.7002,11.7844
RAE-B BURST RECEIVER 1,75/5/3,0.096,12.9275,9.5633
RAE-B BURST RECEIVER 1,75/5/3,0.096,12.9578,11.8275
RAE-B BURST RECEIVER 1,75/5/3,0.096,13.0791,9.8652
RAE-B BURST RECEIVER 1,75/5/3,0.096,13.4428,9.8868
RAE-B BURST RECEIVER 1,75/5/3,0.096,13.564,8.3989
RAE-B BURST RECEIVER 1,75/5/3,0.096,13.6853,8.6792
RAE-B BURST RECEIVER 1,75/5/3,0.096,13.9581,8.6577
RAE-B BURST RECEIVER 1,75/5/3,0.096,14.0793,8.9811
RAE-B BURST RECEIVER 1,75/5/3,0.096,14.2157,9.5633
RAE-B BURST RECEIVER 1,75/5/3,0.096,14.337,9.0243
RAE-B BURST RECEIVER 1,75/5/3,0.096,14.4734,9.973
RAE-B BURST RECEIVER 1,75/5/3,0.096,14.6552,8.9164
RAE-B BURST RECEIVER 1,75/5/3,0.096,15.1705,8.9164
RAE-B BURST RECEIVER 1,75/5/3,0.096,15.3827,9.0889
RAE-B BURST RECEIVER 1,75/5/3,0.096,15.4888,8.6792
RAE-B BURST RECEIVER 1,75/5/3,0.096,15.6252,9.0889
RAE-B BURST RECEIVER 1,75/5/3,0.096,17.0498,9.8221
RAE-B BURST RECEIVER 1,75/5/3,0.096,17.171,9.0458
RAE-B BURST RECEIVER 1,75/5/3,0.096,17.3074,8.7008
RAE-B BURST RECEIVER 1,75/5/3,0.096,17.4438,9.5633
RAE-B BURST RECEIVER 1,75/5/3,0.096,17.5499,10.0162
RAE-B BURST RECEIVER 1,75/5/3,0.096,17.6863,9.6065
RAE-B BURST RECEIVER 1,75/5/3,0.096,17.9591,10.1887
RAE-B BURST RECEIVER 1,75/5/3,0.096,18.0197,11.3962
RAE-B BURST RECEIVER 1,75/5/3,0.096,18.5956,9.9946
RAE-B BURST RECEIVER 1,75/5/3,0.096,18.7168,10.6846
RAE-B BURST RECEIVER 1,75/5/3,0.096,18.8532,10.0809
RAE-B BURST RECEIVER 1,75/5/3,0.096,19.3837,10.1671
RAE-B BURST RECEIVER 1,75/5/3,0.096,19.5049,9.8437
RAE-B BURST RECEIVER 1,75/5/3,0.096,19.6262,10.2102
RAE-B BURST RECEIVER 1,75/5/3,0.096,20.1566,9.9946
RAE-B BURST RECEIVER 1,75/5/3,0.096,21.172,10.2102
RAE-B BURST RECEIVER 1,75/5/3,0.096,21.9752,9.8221
RAE-B BURST RECEIVER 1,75/5/3,0.096,22.733,10.814
RAE-B BURST RECEIVER 1,75/5/3,0.096,22.8694,11.3315
RAE-B BURST RECEIVER 1,75/5/3,0.096,22.9907,10.7925
RAE-B BURST RECEIVER 1,75/5/3,0.096,23.1271,10.5121
RAE-B BURST RECEIVER 1,75/5/3,0.096,23.2483,10.8356
RAE-B BURST RECEIVER 1,75/5/3,0.096,23.6272,10.814
RAE-B BURST RECEIVER 1,75/5/3,0.096,23.7484,11.0512
RAE-B BURST RECEIVER 1,75/5/3,0.096,24.4153,10.4259
RAE-B BURST RECEIVER 1,75/5/3,0.096,24.5365,10.5768
RAE-B BURST RECEIVER 1,75/5/3,0.096,24.6729,11.0296
RAE-B BURST RECEIVER 1,75/5/3,0.096,24.779,10.4906
RAE-B BURST RECEIVER 1,75/5/3,0.096,25.8247,10.4906
RAE-B BURST RECEIVER 1,75/5/3,0.096,26.734,9.628
RAE-B BURST RECEIVER 1,75/5/3,0.096,26.8553,10.4474
RAE-B BURST RECEIVER 1,75/5/3,0.096,26.9917,10.0593
RAE-B BURST RECEIVER 1,75/5/3,0.096,27.1129,4.5175
RAE-B BURST RECEIVER 1,75/5/3,0.096,27.2493,10.4474
RAE-B BURST RECEIVER 1,75/5/3,0.096,28.4011,11.0296
RAE-B BURST RECEIVER 1,75/5/3,0.096,28.5981,10.7925
RAE-B BURST RECEIVER 1,75/5/3,0.096,28.78,10.0377
RAE-B BURST RECEIVER 1,75/5/3,0.096,28.9164,10.4474
RAE-B BURST RECEIVER 1,75/5/3,0.096,29.1892,10.4906
RAE-B BURST RECEIVER 1,75/5/3,0.096,29.3104,10.7925
RAE-B BURST RECEIVER 1,75/5/3,0.096,29.4468,11.4394
RAE-B BURST RECEIVER 1,75/5/3,0.096,30.7502,11.5903
RAE-B BURST RECEIVER 1,75/5/3,0.096,31.1139,4.7763
RAE-B BURST RECEIVER 1,75/5/3,0.096,32.3415,10.9865
RAE-B BURST RECEIVER 1,75/5/3,0.096,32.6749,11.31
RAE-B BURST RECEIVER 1,75/5/3,0.096,33.4327,9.9299
RAE-B BURST RECEIVER 1,75/5/3,0.096,33.463,11.31
RAE-B BURST RECEIVER 1,75/5/3,0.096,33.7055,10.9003
RAE-B BURST RECEIVER 1,75/5/3,0.096,33.8267,10.4474
RAE-B BURST RECEIVER 1,75/5/3,0.096,34.0995,9.9084
RAE-B BURST RECEIVER 1,75/5/3,0.096,34.2208,9.5418
RAE-B BURST RECEIVER 1,75/5/3,0.096,34.3572,9.8652
RAE-B BURST RECEIVER 1,75/5/3,0.096,34.539,10.1024
RAE-B BURST RECEIVER 1,75/5/3,0.096,34.736,10.4906
RAE-B BURST RECEIVER 1,75/5/3,0.096,36.9336,10.4906
RAE-B BURST RECEIVER 1,75/5/3,0.096,37.3125,10.4043
RAE-B BURST RECEIVER 1,75/5/3,0.096,37.464,10.0162
RAE-B BURST RECEIVER 1,75/5/3,0.096,38.2369,10.5337
RAE-B BURST RECEIVER 1,75/5/3,0.096,39.2675,10.9003
RAE-B BURST RECEIVER 1,75/5/3,0.096,39.3887,11.5687
RAE-B BURST RECEIVER 1,75/5/3,0.096,39.5251,11.2884
RAE-B BURST RECEIVER 1,75/5/3,0.096,39.6615,10.8787
RAE-B BURST RECEIVER 1,75/5/3,0.096,39.7828,11.31
RAE-B BURST RECEIVER 1,75/5/3,0.096,40.1768,10.5337
RAE-B BURST RECEIVER 1,75/5/3,0.096,40.6769,10.6631
RAE-B BURST RECEIVER 1,75/5/3,0.096,41.2074,11.31
RAE-B BURST RECEIVER 1,75/5/3,0.096,41.3892,10.8787
RAE-B BURST RECEIVER 1,75/5/3,0.096,41.6923,10.5121
RAE-B BURST RECEIVER 1,75/5/3,0.096,41.8439,11.0512
RAE-B BURST RECEIVER 1,75/5/3,0.096,41.9651,10.814
RAE-B BURST RECEIVER 1,75/5/3,0.096,42.4198,10.7493
RAE-B BURST RECEIVER 1,75/5/3,0.096,42.7381,11.4609
RAE-B BURST RECEIVER 1,75/5/3,0.096,43.1321,10.8787
RAE-B BURST RECEIVER 1,75/5/3,0.096,43.314,11.4825
RAE-B BURST RECEIVER 1,75/5/3,0.096,44.193,11.8491
RAE-B BURST RECEIVER 1,75/5/3,0.096,44.2839,11.0296
RAE-B BURST RECEIVER 1,75/5/3,0.096,44.4809,11.2884
RAE-B BURST RECEIVER 1,75/5/3,0.096,44.6779,11.0512
RAE-B BURST RECEIVER 1,75/5/3,0.096,44.8598,11.2884
RAE-B BURST RECEIVER 1,75/5/3,0.096,46.4208,11.6119
RAE-B BURST RECEIVER 1,75/5/3,0.096,47.1331,11.0081
RAE-B BURST RECEIVER 1,75/5/3,0.096,47.2544,10.4474
RAE-B BURST RECEIVER 1,75/5/3,0.096,47.3756,9.973
RAE-B BURST RECEIVER 1,75/5/3,0.096,47.512,10.1456
RAE-B BURST RECEIVER 1,75/5/3,0.096,47.6484,10.4043
RAE-B BURST RECEIVER 1,75/5/3,0.096,47.7696,9.5418
RAE-B BURST RECEIVER 1,75/5/3,0.096,48.0273,10.6631
RAE-B BURST RECEIVER 1,75/5/3,0.096,48.194,9.8221
RAE-B BURST RECEIVER 1,75/5/3,0.096,48.2849,10.4474
RAE-B BURST RECEIVER 1,75/5/3,0.096,48.4819,9.7358
RAE-B BURST RECEIVER 1,75/5/3,0.096,48.679,9.4987
RAE-B BURST RECEIVER 1,75/5/3,0.096,49.4519,9.7358
RAE-B BURST RECEIVER 1,75/5/3,0.096,49.5883,9.0889
RAE-B BURST RECEIVER 1,75/5/3,0.096,49.7095,9.6065
RAE-B BURST RECEIVER 1,75/5/3,0.096,49.8308,8.8733
RAE-B BURST RECEIVER 1,75/5/3,0.096,49.9823,9.5202
RAE-B BURST RECEIVER 1,75/5/3,0.096,50.2248,9.628
RAE-B BURST RECEIVER 1,75/5/3,0.096,50.346,9.973
RAE-B BURST RECEIVER 1,75/5/3,0.096,50.4824,10.1671
RAE-B BURST RECEIVER 1,75/5/3,0.096,50.6795,9.973
RAE-B BURST RECEIVER 1,75/5/3,0.096,50.9826,10.1671
RAE-B BURST RECEIVER 1,75/5/3,0.096,51.119,10.6415
RAE-B BURST RECEIVER 1,75/5/3,0.096,51.2554,9.8005
RAE-B BURST RECEIVER 1,75/5/3,0.096,51.3766,10.4043
RAE-B BURST RECEIVER 1,75/5/3,0.096,51.4979,9.0027
RAE-B BURST RECEIVER 1,75/5/3,0.096,51.6343,9.5202
RAE-B BURST RECEIVER 1,75/5/3,0.096,51.7555,8.3558
RAE-B BURST RECEIVER 1,75/5/3,0.096,51.8919,9.9946
RAE-B BURST RECEIVER 1,75/5/3,0.096,52.0131,9.8005
RAE-B BURST RECEIVER 1,75/5/3,0.096,52.2708,9.8868
RAE-B BURST RECEIVER 1,75/5/3,0.096,52.4072,8.938
RAE-B BURST RECEIVER 1,75/5/3,0.096,52.5436,9.4987
RAE-B BURST RECEIVER 1,75/5/3,0.096,52.6648,9.1752
RAE-B BURST RECEIVER 1,75/5/3,0.096,53.3165,9.628
RAE-B BURST RECEIVER 1,75/5/3,0.096,53.6954,9.1752
RAE-B BURST RECEIVER 1,75/5/3,0.096,53.8166,10.0377
RAE-B BURST RECEIVER 1,75/5/3,0.096,53.953,9.5633
RAE-B BURST RECEIVER 1,75/5/3,0.096,54.0591,9.7574
RAE-B BURST RECEIVER 1,75/5/3,0.096,54.2258,8.9164
RAE-B BURST RECEIVER 1,75/5/3,0.096,54.5895,8.0755
RAE-B BURST RECEIVER 1,75/5/3,0.096,55.3473,8.7439
RAE-B BURST RECEIVER 1,75/5/3,0.096,56.7719,8.3774
RAE-B BURST RECEIVER 1,75/5/3,0.096,56.9235,8.6146
RAE-B BURST RECEIVER 1,75/5/3,0.096,57.2872,8.6146
RAE-B BURST RECEIVER 1,75/5/3,0.096,57.4084,9.5633
RAE-B BURST RECEIVER 1,75/5/3,0.096,57.5448,8.8949
RAE-B BURST RECEIVER 1,75/5/3,0.096,57.6812,8.6146
RAE-B BURST RECEIVER 1,75/5/3,0.096,57.8025,9.9946
RAE-B BURST RECEIVER 1,75/5/3,0.096,57.9237,8.7655
RAE-B BURST RECEIVER 1,75/5/3,0.096,58.045,9.1752
RAE-B BURST RECEIVER 1,75/5/3,0.096,58.7573,9.8652
RAE-B BURST RECEIVER 1,75/5/3,0.096,58.9543,9.628
RAE-B BURST RECEIVER 1,75/5/3,0.096,59.9545,9.8652
RAE-B BURST RECEIVER 1,75/5/3,0.110,2.0157,9.8005
RAE-B BURST RECEIVER 1,75/5/3,0.110,2.1369,9.9946
RAE-B BURST RECEIVER 1,75/5/3,0.110,2.2581,9.5418
RAE-B BURST RECEIVER 1,75/5/3,0.110,2.3945,10.0162
RAE-B BURST RECEIVER 1,75/5/3,0.110,2.7734,9.1752
RAE-B BURST RECEIVER 1,75/5/3,0.110,4.0616,8.5714
RAE-B BURST RECEIVER 1,75/5/3,0.110,4.2587,8.7224
RAE-B BURST RECEIVER 1,75/5/3,0.110,4.4557,8.3558
RAE-B BURST RECEIVER 1,75/5/3,0.110,4.5921,8.593
RAE-B BURST RECEIVER 1,75/5/3,0.110,4.7285,9.2183
RAE-B BURST RECEIVER 1,75/5/3,0.110,4.8649,8.3558
RAE-B BURST RECEIVER 1,75/5/3,0.110,5.2437,8.248
RAE-B BURST RECEIVER 1,75/5/3,0.110,5.3801,8.9164
RAE-B BURST RECEIVER 1,75/5/3,0.110,5.4862,8.6361
RAE-B BURST RECEIVER 1,75/5/3,0.110,5.6378,9.0243
RAE-B BURST RECEIVER 1,75/5/3,0.110,5.9106,9.0674
RAE-B BURST RECEIVER 1,75/5/3,0.110,6.0015,8.6361
RAE-B BURST RECEIVER 1,75/5/3,0.110,6.2743,9.0243
RAE-B BURST RECEIVER 1,75/5/3,0.110,6.3652,5.5957
RAE-B BURST RECEIVER 1,75/5/3,0.110,6.3956,8.6792
RAE-B BURST RECEIVER 1,75/5/3,0.110,6.6532,8.3127
RAE-B BURST RECEIVER 1,75/5/3,0.110,6.7896,8.6361
RAE-B BURST RECEIVER 1,75/5/3,0.110,7.0472,8.3558
RAE-B BURST RECEIVER 1,75/5/3,0.110,8.3809,9.5849
RAE-B BURST RECEIVER 1,75/5/3,0.110,8.5779,9.0674
RAE-B BURST RECEIVER 1,75/5/3,0.110,8.6992,9.973
RAE-B BURST RECEIVER 1,75/5/3,0.110,8.8356,9.0027
RAE-B BURST RECEIVER 1,75/5/3,0.110,8.972,9.5633
RAE-B BURST RECEIVER 1,75/5/3,0.110,9.1538,9.1105
RAE-B BURST RECEIVER 1,75/5/3,0.110,9.3508,8.3558
RAE-B BURST RECEIVER 1,75/5/3,0.110,9.4872,8.8086
RAE-B BURST RECEIVER 1,75/5/3,0.110,9.7146,8.3342
RAE-B BURST RECEIVER 1,75/5/3,0.110,9.9874,8.3558
RAE-B BURST RECEIVER 1,75/5/3,0.110,10.1238,8.7224
RAE-B BURST RECEIVER 1,75/5/3,0.110,11.2756,8.3989
RAE-B BURST RECEIVER 1,75/5/3,0.110,11.412,8.6146
RAE-B BURST RECEIVER 1,75/5/3,0.110,11.5332,8.3774
RAE-B BURST RECEIVER 1,75/5/3,0.110,11.6545,8.6361
RAE-B BURST RECEIVER 1,75/5/3,0.110,12.1849,8.8733
RAE-B BURST RECEIVER 1,75/5/3,0.110,12.4274,8.7439
RAE-B BURST RECEIVER 1,75/5/3,0.110,12.5638,8.9164
RAE-B BURST RECEIVER 1,75/5/3,0.110,13.1397,8.3558
RAE-B BURST RECEIVER 1,75/5/3,0.110,14.049,9.1105
RAE-B BURST RECEIVER 1,75/5/3,0.110,14.0945,11.1375
RAE-B BURST RECEIVER 1,75/5/3,0.110,14.4279,9.5849
RAE-B BURST RECEIVER 1,75/5/3,0.110,14.6249,9.283
RAE-B BURST RECEIVER 1,75/5/3,0.110,14.7461,9.8868
RAE-B BURST RECEIVER 1,75/5/3,0.110,17.3377,9.6065
RAE-B BURST RECEIVER 1,75/5/3,0.110,17.9742,9.6065
RAE-B BURST RECEIVER 1,75/5/3,0.110,18.3531,9.8868
RAE-B BURST RECEIVER 1,75/5/3,0.110,19.4443,10.5553
RAE-B BURST RECEIVER 1,75/5/3,0.110,19.6413,10.0809
RAE-B BURST RECEIVER 1,75/5/3,0.110,19.7777,9.8868
RAE-B BURST RECEIVER 1,75/5/3,0.110,20.096,9.9946
RAE-B BURST RECEIVER 1,75/5/3,0.110,20.6264,10.7062
RAE-B BURST RECEIVER 1,75/5/3,0.110,20.8689,10.469
RAE-B BURST RECEIVER 1,75/5/3,0.110,21.9904,10.7278
RAE-B BURST RECEIVER 1,75/5/3,0.110,22.0965,10.1456
RAE-B BURST RECEIVER 1,75/5/3,0.110,22.7633,10.1671
RAE-B BURST RECEIVER 1,75/5/3,0.110,22.8694,10.6846
RAE-B BURST RECEIVER 1,75/5/3,0.110,23.2635,10.469
RAE-B BURST RECEIVER 1,75/5/3,0.110,23.7787,11.0081
RAE-B BURST RECEIVER 1,75/5/3,0.110,24.0364,10.4474
RAE-B BURST RECEIVER 1,75/5/3,0.110,24.1576,10.1671
RAE-B BURST RECEIVER 1,75/5/3,0.110,24.3698,9.9946
RAE-B BURST RECEIVER 1,75/5/3,0.110,24.6274,10.469
RAE-B BURST RECEIVER 1,75/5/3,0.110,24.7941,10.9865
RAE-B BURST RECEIVER 1,75/5/3,0.110,25.2488,10.7925
RAE-B BURST RECEIVER 1,75/5/3,0.110,25.461,10.5337
RAE-B BURST RECEIVER 1,75/5/3,0.110,25.7792,10.7493
RAE-B BURST RECEIVER 1,75/5/3,0.110,26.0975,9.973
RAE-B BURST RECEIVER 1,75/5/3,0.110,26.931,9.6927
RAE-B BURST RECEIVER 1,75/5/3,0.110,27.1432,9.5202
RAE-B BURST RECEIVER 1,75/5/3,0.110,27.2645,9.283
RAE-B BURST RECEIVER 1,75/5/3,0.110,27.3857,9.779
RAE-B BURST RECEIVER 1,75/5/3,0.110,27.5069,10.7925
RAE-B BURST RECEIVER 1,75/5/3,0.110,27.7949,9.1752
RAE-B BURST RECEIVER 1,75/5/3,0.110,28.1586,9.9084
RAE-B BURST RECEIVER 1,75/5/3,0.110,28.295,10.7925
RAE-B BURST RECEIVER 1,75/5/3,0.110,28.4163,10.0809
RAE-B BURST RECEIVER 1,75/5/3,0.110,28.5527,9.9084
RAE-B BURST RECEIVER 1,75/5/3,0.110,28.6891,9.6065
RAE-B BURST RECEIVER 1,75/5/3,0.110,28.8103,10.4043
RAE-B BURST RECEIVER 1,75/5/3,0.110,28.9315,9.5418
RAE-B BURST RECEIVER 1,75/5/3,0.110,29.5378,10.7709
RAE-B BURST RECEIVER 1,75/5/3,0.110,29.7196,10.4043
RAE-B BURST RECEIVER 1,75/5/3,0.110,29.8409,9.973
RAE-B BURST RECEIVER 1,75/5/3,0.110,30.4925,10.9865
RAE-B BURST RECEIVER 1,75/5/3,0.110,30.6289,10.7709
RAE-B BURST RECEIVER 1,75/5/3,0.110,30.7653,11.0081
RAE-B BURST RECEIVER 1,75/5/3,0.110,31.0078,11.0296
RAE-B BURST RECEIVER 1,75/5/3,0.110,31.1594,10.8571
RAE-B BURST RECEIVER 1,75/5/3,0.110,31.2655,11.3315
RAE-B BURST RECEIVER 1,75/5/3,0.110,31.4019,10.5553
RAE-B BURST RECEIVER 1,75/5/3,0.110,31.5383,11.7628
RAE-B BURST RECEIVER 1,75/5/3,0.110,31.6444,10.9003
RAE-B BURST RECEIVER 1,75/5/3,0.110,31.902,10.9218
RAE-B BURST RECEIVER 1,75/5/3,0.110,32.1596,10.7278
RAE-B BURST RECEIVER 1,75/5/3,0.110,32.4324,11.6119
RAE-B BURST RECEIVER 1,75/5/3,0.110,32.5688,11.2668
RAE-B BURST RECEIVER 1,75/5/3,0.110,32.7052,10.965
RAE-B BURST RECEIVER 1,75/5/3,0.110,33.2205,10.0809
RAE-B BURST RECEIVER 1,75/5/3,0.110,33.3266,4.841
RAE-B BURST RECEIVER 1,75/5/3,0.110,33.857,9.4987
RAE-B BURST RECEIVER 1,75/5/3,0.110,34.1298,9.8868
RAE-B BURST RECEIVER 1,75/5/3,0.110,34.2359,9.6065
RAE-B BURST RECEIVER 1,75/5/3,0.110,34.3723,9.8868
RAE-B BURST RECEIVER 1,75/5/3,0.110,34.4936,10.4043
RAE-B BURST RECEIVER 1,75/5/3,0.110,34.63,10.7278
RAE-B BURST RECEIVER 1,75/5/3,0.110,34.7512,9.8005
RAE-B BURST RECEIVER 1,75/5/3,0.110,34.8876,10.124
RAE-B BURST RECEIVER 1,75/5/3,0.110,35.1604,10.4043
RAE-B BURST RECEIVER 1,75/5/3,0.110,35.2665,10.1456
RAE-B BURST RECEIVER 1,75/5/3,0.110,35.5393,9.8437
RAE-B BURST RECEIVER 1,75/5/3,0.110,36.9336,10.4474
RAE-B BURST RECEIVER 1,75/5/3,0.110,37.0851,10.1671
RAE-B BURST RECEIVER 1,75/5/3,0.110,37.2215,10.8356
RAE-B BURST RECEIVER 1,75/5/3,0.110,37.2973,6.8679
RAE-B BURST RECEIVER 1,75/5/3,0.110,37.3428,10.4043
RAE-B BURST RECEIVER 1,75/5/3,0.110,37.6004,10.124
RAE-B BURST RECEIVER 1,75/5/3,0.110,37.7216,10.8571
RAE-B BURST RECEIVER 1,75/5/3,0.110,37.858,10.469
RAE-B BURST RECEIVER 1,75/5/3,0.110,37.9641,10.1456
RAE-B BURST RECEIVER 1,75/5/3,0.110,38.4946,11.31
RAE-B BURST RECEIVER 1,75/5/3,0.110,38.631,10.7709
RAE-B BURST RECEIVER 1,75/5/3,0.110,39.3433,10.8571
RAE-B BURST RECEIVER 1,75/5/3,0.110,39.6161,6.3288
RAE-B BURST RECEIVER 1,75/5/3,0.110,40.192,10.1456
RAE-B BURST RECEIVER 1,75/5/3,0.110,41.1922,6.9542
RAE-B BURST RECEIVER 1,75/5/3,0.110,41.465,10.7709
RAE-B BURST RECEIVER 1,75/5/3,0.110,41.7227,10.0809
RAE-B BURST RECEIVER 1,75/5/3,0.110,41.8439,10.2965
RAE-B BURST RECEIVER 1,75/5/3,0.110,41.9651,10.1024
RAE-B BURST RECEIVER 1,75/5/3,0.110,42.2379,9.7574
RAE-B BURST RECEIVER 1,75/5/3,0.110,42.435,9.9946
RAE-B BURST RECEIVER 1,75/5/3,0.110,42.7532,10.4259
RAE-B BURST RECEIVER 1,75/5/3,0.110,43.0109,10.3612
RAE-B BURST RECEIVER 1,75/5/3,0.110,43.6625,9.6496
RAE-B BURST RECEIVER 1,75/5/3,0.110,43.7838,9.9515
RAE-B BURST RECEIVER 1,75/5/3,0.110,43.905,9.628
RAE-B BURST RECEIVER 1,75/5/3,0.110,44.3445,9.628
RAE-B BURST RECEIVER 1,75/5/3,0.110,44.4961,6.5445
RAE-B BURST RECEIVER 1,75/5/3,0.110,45.0114,6.5229
RAE-B BURST RECEIVER 1,75/5/3,0.110,45.2084,9.8221
RAE-B BURST RECEIVER 1,75/5/3,0.110,45.4054,9.5633
RAE-B BURST RECEIVER 1,75/5/3,0.110,45.6024,9.9084
RAE-B BURST RECEIVER 1,75/5/3,0.110,45.7085,11.2668
RAE-B BURST RECEIVER 1,75/5/3,0.110,45.8449,10.0809
RAE-B BURST RECEIVER 1,75/5/3,0.110,45.9813,11.3531
RAE-B BURST RECEIVER 1,75/5/3,0.110,46.2389,11.7844
RAE-B BURST RECEIVER 1,75/5/3,0.110,46.3753,11.4394
RAE-B BURST RECEIVER 1,75/5/3,0.110,46.6178,10.8787
RAE-B BURST RECEIVER 1,75/5/3,0.110,46.7542,10.124
RAE-B BURST RECEIVER 1,75/5/3,0.110,47.0119,10.1024
RAE-B BURST RECEIVER 1,75/5/3,0.110,47.1331,9.8437
RAE-B BURST RECEIVER 1,75/5/3,0.110,47.2695,9.1752
RAE-B BURST RECEIVER 1,75/5/3,0.110,47.3908,8.6361
RAE-B BURST RECEIVER 1,75/5/3,0.110,47.7696,8.9596
RAE-B BURST RECEIVER 1,75/5/3,0.110,48.679,10.3827
RAE-B BURST RECEIVER 1,75/5/3,0.110,48.876,9.5633
RAE-B BURST RECEIVER 1,75/5/3,0.110,49.0578,9.1752
RAE-B BURST RECEIVER 1,75/5/3,0.110,49.1942,8.9811
RAE-B BURST RECEIVER 1,75/5/3,0.110,49.9065,9.6496
RAE-B BURST RECEIVER 1,75/5/3,0.110,50.4218,9.8005
RAE-B BURST RECEIVER 1,75/5/3,0.110,50.5885,10.124
RAE-B BURST RECEIVER 1,75/5/3,0.110,50.7401,9.9515
RAE-B BURST RECEIVER 1,75/5/3,0.110,50.9371,9.628
RAE-B BURST RECEIVER 1,75/5/3,0.110,51.1038,9.0458
RAE-B BURST RECEIVER 1,75/5/3,0.110,51.316,8.8518
RAE-B BURST RECEIVER 1,75/5/3,0.110,51.4979,8.6361
RAE-B BURST RECEIVER 1,75/5/3,0.110,51.6949,8.8518
RAE-B BURST RECEIVER 1,75/5/3,0.110,51.7403,9.628
RAE-B BURST RECEIVER 1,75/5/3,0.110,51.8919,8.6146
RAE-B BURST RECEIVER 1,75/5/3,0.110,52.0131,9.5418
RAE-B BURST RECEIVER 1,75/5/3,0.110,52.4072,8.8518
RAE-B BURST RECEIVER 1,75/5/3,0.110,52.5284,8.3342
RAE-B BURST RECEIVER 1,75/5/3,0.110,52.6648,8.6146
RAE-B BURST RECEIVER 1,75/5/3,0.110,52.8618,8.8518
RAE-B BURST RECEIVER 1,75/5/3,0.110,53.362,8.6146
RAE-B BURST RECEIVER 1,75/5/3,0.110,53.559,8.3127
RAE-B BURST RECEIVER 1,75/5/3,0.110,53.6954,8.8949
RAE-B BURST RECEIVER 1,75/5/3,0.110,53.8166,8.593
RAE-B BURST RECEIVER 1,75/5/3,0.110,54.7108,8.7224
RAE-B BURST RECEIVER 1,75/5/3,0.110,54.9533,8.3342
RAE-B BURST RECEIVER 1,75/5/3,0.110,57.6812,8.5714
RAE-B BURST RECEIVER 1,75/5/3,0.110,57.9237,8.7439
RAE-B BURST RECEIVER 1,75/5/3,0.110,58.045,8.3558
RAE-B BURST RECEIVER 1,75/5/3,0.110,58.439,9.0674
RAE-B BURST RECEIVER 1,75/5/3,0.110,58.5602,8.6577
RAE-B BURST RECEIVER 1,75/5/3,0.110,59.0755,8.6577
RAE-B BURST RECEIVER 1,75/5/3,0.110,59.2725,9.0027
RAE-B BURST RECEIVER 1,75/5/3,0.110,59.7272,9.4987
